pos,cell,score
0,0,2245263.250000
1,1,3856.905762
2,2,1117.471680
3,3,927.101074
4,4,1238.887573
3328,5,281.376953
3329,6,388.569489
7,7,1464.569702
8,8,1733.439575
9,9,1954.413574
10,10,1283.058960
11,11,2961.058350
12,12,3762.305420
13,13,5055.509277
14,14,1848.315552
15,15,2605.048096
16,16,1560.333862
17,17,2073.598877
18,18,2328.322510
19,19,1376.908936
20,20,1220.749634
3072,21,251.595840
3330,22,315.626038
3331,23,345.573334
24,24,2035.367310
25,25,1603.398804
26,26,2092.104248
3332,27,270.657562
28,28,3341.288086
29,29,3408.535156
30,30,12322.608398
31,31,4951.292480
32,32,3817.959473
33,33,3265.451904
34,34,4827.611328
35,35,5296.306641
36,36,2277.283936
37,37,3742.189209
38,38,2134.359375
39,39,4583.309082
40,40,3465.152344
41,41,1584.217773
42,42,2611.316162
43,43,1745.340820
44,44,5518.975586
45,45,3049.866455
46,46,3787.620850
47,47,1682.918579
48,48,3659.021973
49,49,3518.844482
50,50,2100.061279
51,51,2656.427002
52,52,4232.531250
53,53,4842.528809
54,54,4370.039551
55,55,1634.722534
56,56,2513.005859
57,57,2340.578857
58,58,2777.084717
59,59,3986.400879
60,60,1295.559570
61,61,1608.915894
62,62,2122.773438
63,63,2091.433838
64,64,1995.962158
65,65,2073.391602
66,66,1983.788208
67,67,1715.163208
68,68,2248.557129
69,69,2881.364258
70,70,3324.992188
71,71,3039.588379
72,72,3286.122559
73,73,3484.255371
74,74,2463.848145
75,75,2446.949707
76,76,1712.579712
77,77,3124.447266
78,78,2905.105713
79,79,1639.059937
80,80,1379.474243
81,81,1017.289001
82,82,1429.307251
83,83,1916.903564
84,84,3318.176758
85,85,999.602478
86,86,2013.862793
87,87,1271.376587
88,88,1174.362305
89,89,1811.593018
90,90,1740.679321
91,91,1262.880981
92,92,1374.138916
93,93,1600.495850
94,94,1445.938477
95,95,5213.171387
96,96,1343.008301
97,97,2502.735107
98,98,1017.461914
99,99,1827.130127
3584,100,203.700745
101,101,1925.566406
102,102,2153.458740
103,103,1161.355835
3585,104,236.648041
3586,105,169.784576
106,106,1000.670837
107,107,1461.388306
108,108,2252.440918
3333,109,448.741150
110,110,1860.591309
3334,111,251.737152
112,112,921.902527
113,113,971.674194
114,114,1035.683594
3335,115,555.542542
116,116,1048.283447
117,117,1220.789917
118,118,1035.885376
3861,119,8.942743
120,120,1086.175171
121,121,1738.590576
122,122,895.698181
123,123,1044.310669
3337,124,344.634003
125,125,1485.305298
126,126,1785.010010
127,127,1052.431152
1034,128,933.508606
3338,129,580.079712
3339,130,342.744202
131,131,1203.753174
132,132,1796.120239
3340,133,220.301727
3341,134,233.510544
3342,135,254.406784
3343,136,401.992737
3344,137,231.190918
3345,138,254.351990
3346,139,264.349487
3347,140,236.271942
141,141,1054.429932
142,142,852.753845
3348,143,305.947235
144,144,867.110352
145,145,1482.217041
3587,146,205.050858
147,147,1154.077026
3349,148,441.815857
149,149,1221.183838
150,150,1590.438477
151,151,956.402466
3350,152,233.034363
3352,154,293.036774
155,155,1056.866699
156,156,1253.053711
3353,157,412.860962
3354,158,328.647766
3355,159,517.285095
3588,160,289.097382
3356,161,272.389984
3357,162,482.130859
3358,163,260.274109
1055,164,1465.211182
165,165,954.269470
3589,166,182.908371
167,167,1156.892944
3590,168,209.301086
169,169,1407.774902
3359,170,670.023254
3360,171,208.159149
1058,172,906.635742
173,173,1114.951416
174,174,1486.867065
175,175,952.032349
3361,176,346.341431
3362,177,592.975769
3363,178,373.138580
179,179,1016.985596
180,180,1429.012207
3364,181,263.862183
3365,182,231.290451
3366,183,257.374573
3367,184,410.288574
3368,185,190.996216
3369,186,242.576324
3370,187,228.515579
3371,188,233.678391
3073,189,366.674500
3372,190,311.950500
3373,191,258.985107
3374,192,241.738693
193,193,1201.395386
3375,194,187.420258
3376,195,292.652405
3377,196,396.700836
3378,197,316.527954
198,198,1235.328003
199,199,14346.088867
200,200,4010.097168
201,201,2604.667725
202,202,3841.784424
203,203,2836.950684
204,204,3081.257080
205,205,4126.746094
206,206,3744.322510
207,207,6277.355469
208,208,2445.594727
209,209,2678.944092
210,210,2497.560791
211,211,3009.248291
212,212,1954.584229
213,213,1858.851807
214,214,2070.563721
215,215,1184.339478
216,216,2914.970947
217,217,1870.980103
218,218,11965.806641
219,219,4502.776855
220,220,2416.545166
221,221,2584.685303
222,222,2025.966919
223,223,2514.847656
224,224,1406.410034
225,225,1354.139771
226,226,1721.465088
227,227,1668.057983
228,228,1246.977295
229,229,2260.358398
230,230,1386.384766
231,231,1030.708862
232,232,2072.365479
233,233,1390.963013
234,234,2094.993896
235,235,1985.132324
236,236,2071.900391
237,237,1684.769897
238,238,1260.131226
239,239,1862.721069
240,240,992.529968
241,241,1716.061401
242,242,1810.499390
243,243,958.783020
3379,244,483.626190
245,245,1370.748169
246,246,1016.629883
247,247,1149.666870
248,248,4548.216797
3380,249,266.215027
250,250,1460.919434
3381,251,468.516693
3382,252,267.077911
253,253,2405.862549
3383,254,665.108826
3384,255,212.971161
3074,256,592.658752
3075,257,361.212341
3385,258,326.509521
259,259,3402.827637
260,260,823.912415
261,261,1057.696533
3386,262,570.847717
263,263,1086.512573
3387,264,356.691010
3591,265,162.704895
266,266,996.272095
3388,267,263.668304
3389,268,228.085648
3390,269,254.074234
3391,270,403.078278
271,271,850.646729
3392,272,201.099426
3393,273,247.696243
3394,274,267.475250
3395,275,220.021561
3396,276,300.878998
3397,277,259.946838
3398,278,228.055344
3399,279,174.625427
3400,280,281.255859
3401,281,387.881653
3402,282,317.618439
3403,283,411.630280
3404,284,256.963898
285,285,888.624939
3405,286,434.307892
287,287,1018.525452
3406,288,251.510330
3407,289,500.258209
290,290,923.350281
3408,291,200.556000
3409,292,314.792603
293,293,1129.120239
3410,294,542.257385
295,295,735.420288
296,296,851.729858
3411,297,338.033539
3412,298,246.615265
3413,299,216.450882
3414,300,237.683060
3415,301,377.502411
3416,302,188.386276
3417,303,221.325958
3418,304,220.306076
3419,305,217.790588
3420,306,287.950012
3421,307,268.279633
3422,308,223.612564
3423,309,171.106857
3424,310,270.353668
3425,311,366.067047
3426,312,300.608398
3427,313,296.884918
314,314,943.042786
3428,315,247.763382
3429,316,432.794281
3430,317,238.485764
3431,318,433.279663
319,319,755.677246
3432,320,183.989365
3433,321,314.311798
322,322,1424.913696
3434,323,539.062012
3435,324,330.875000
3436,325,239.348404
3437,326,213.767731
3438,327,230.443771
3439,328,369.935455
3440,329,185.958679
3441,330,227.581375
3442,331,192.613770
3443,332,207.538696
3076,333,270.351318
3444,334,277.677338
3445,335,209.112473
3446,336,223.248596
3592,337,246.875381
338,338,1087.482178
3447,339,163.046310
3448,340,263.294434
3449,341,326.665802
3450,342,293.193268
343,343,756.110962
3451,344,256.124725
3452,345,238.742813
3453,346,414.482147
3454,347,233.732666
3455,348,498.743835
3456,349,172.733337
3457,350,299.295837
3458,351,533.973999
3459,352,319.733521
3460,353,232.056122
3461,354,212.774231
3462,355,223.507767
3463,356,358.027344
357,357,807.302490
3464,358,172.707489
3465,359,228.707291
3466,360,196.166901
361,361,786.918701
362,362,1419.779907
3593,363,357.382721
3467,364,217.556381
3468,365,269.516205
3469,366,293.667938
367,367,866.472839
368,368,828.719543
3470,369,216.297684
3471,370,159.026794
3472,371,260.146790
3473,372,354.031647
3474,373,292.039215
3475,374,274.782349
3476,375,241.693390
3477,376,415.501465
3594,377,288.754089
3478,378,234.690353
3479,379,532.210144
3480,380,180.424637
381,381,861.727112
3481,382,298.178802
383,383,1662.009766
3482,384,518.891235
385,385,858.156860
386,386,1716.639404
3077,387,261.600403
3483,388,321.494873
3484,389,232.608780
3485,390,213.324768
391,391,906.596497
3486,392,228.892441
3487,393,364.916870
3488,394,171.068283
3489,395,219.085144
3490,396,251.139862
3491,397,205.471085
3492,398,280.022766
3493,399,268.432281
3494,400,226.154861
3595,401,300.874725
3495,402,166.750793
3496,403,259.935730
3497,404,350.544861
405,405,899.801636
3498,406,285.578613
407,407,862.827881
3499,408,347.570648
409,409,856.872742
410,410,1792.120605
3078,411,277.606110
3500,412,242.263458
3501,413,416.560699
3502,414,237.081024
415,415,895.779663
3503,416,490.556763
3504,417,178.222580
3505,418,295.054199
3506,419,507.495972
3507,420,316.683746
3508,421,226.899979
3509,422,207.655472
3510,423,229.970261
3511,424,360.549866
3512,425,174.349442
3513,426,224.871826
3514,427,182.987656
3515,428,198.791183
429,429,878.602722
3516,430,282.941406
3517,431,223.073807
3518,432,215.892868
3079,433,420.391357
434,434,1502.318604
3596,435,245.198090
3519,436,163.856964
3520,437,254.106308
3521,438,352.249817
439,439,853.041809
3522,440,287.676514
3523,441,322.127686
3524,442,232.028671
3525,443,400.573456
3526,444,230.848572
3527,445,442.482391
3528,446,171.225143
3529,447,285.539917
3530,448,505.413727
3531,449,299.371399
3532,450,223.197556
3533,451,197.862213
3534,452,220.500656
453,453,879.913269
3535,454,348.424438
3536,455,178.382294
3537,456,221.104187
3538,457,203.131592
458,458,1422.896851
3597,459,413.174469
3539,460,202.140472
3540,461,278.928711
3541,462,245.670197
463,463,799.688232
3542,464,221.833817
3543,465,160.668350
3544,466,241.157730
3545,467,338.319763
3546,468,276.024872
3547,469,515.305115
3548,470,232.589294
3549,471,397.051849
3550,472,222.500412
3551,473,491.623413
3552,474,173.940369
475,475,1872.137939
3553,476,283.277374
477,477,807.951477
3554,478,505.650940
3555,479,301.975433
3556,480,220.029312
3557,481,200.904465
482,482,1305.337769
3558,483,227.090668
3559,484,354.816162
3560,485,168.033646
3561,486,216.584427
487,487,770.073303
3562,488,192.870255
3563,489,194.161163
3564,490,263.799072
3565,491,281.301727
3566,492,216.103561
3567,493,155.534180
3568,494,243.704453
3569,495,344.076813
3570,496,279.014435
3571,497,375.693726
3572,498,234.579361
3573,499,402.553497
3574,500,225.478180
501,501,814.676697
3575,502,478.688843
3576,503,168.381332
3577,504,278.842834
3578,505,503.653320
506,506,1212.464233
3579,507,297.703247
3580,508,212.546280
3581,509,194.190598
3582,510,218.517899
3583,511,359.188751
3598,512,250.683151
2831,513,833.140747
3599,514,247.046188
3600,515,206.107605
2834,516,724.869568
3601,517,294.991638
3602,518,495.956360
3603,519,303.429199
3604,520,210.708130
3605,521,240.197281
3606,522,225.570297
3607,523,352.745422
3608,524,199.587921
3609,525,231.021652
3610,526,183.464172
527,527,1561.490967
3611,528,225.114639
3612,529,280.637238
530,530,1038.754028
3613,531,174.916931
3614,532,221.604095
3615,533,184.850174
3616,534,254.529297
3617,535,386.671326
3618,536,285.556152
3619,537,281.973602
3620,538,239.685318
2855,539,1138.226074
3621,540,382.467896
3622,541,255.379562
3623,542,446.241791
3624,543,192.621750
3625,544,279.898315
3626,545,466.617950
3627,546,291.611206
3628,547,258.613647
3629,548,199.585800
3630,549,229.101913
3631,550,358.300629
551,551,1273.749268
3632,552,190.118896
3633,553,231.203247
554,554,966.306458
3634,555,176.439941
3635,556,216.460693
3636,557,276.107880
3637,558,174.759598
3638,559,225.929871
3639,560,173.606033
3640,561,266.742249
3641,562,335.399872
3642,563,304.579742
3643,564,283.214172
2879,565,781.313171
1343,566,1378.100220
3644,567,235.915192
3645,568,385.339844
3646,569,273.135101
3647,570,409.941711
3648,571,183.521545
3649,572,267.533508
3650,573,439.274353
3651,574,296.258484
3652,575,209.012161
3653,576,198.006561
3654,577,250.998886
578,578,1054.724976
3655,579,331.636658
3656,580,180.235077
3657,581,259.297882
3658,582,158.261093
3659,583,185.221191
3660,584,280.591156
3661,585,156.383392
3662,586,206.885941
2899,587,1135.987061
3663,588,158.710266
3664,589,248.624298
3665,590,299.671753
3666,591,313.143280
3667,592,182.330338
3668,593,251.545959
3669,594,385.707794
3670,595,243.117157
3671,596,302.252289
3672,597,173.180817
3673,598,254.178589
3674,599,423.619568
3675,600,261.352478
3676,601,206.541672
602,602,1082.369507
3677,603,197.409378
3678,604,217.293915
3679,605,323.044708
3680,606,197.915207
3681,607,217.881271
3682,608,150.822189
3683,609,195.145584
3684,610,259.083435
3685,611,230.517212
3686,612,300.296204
3687,613,156.979843
3688,614,238.223679
3689,615,289.831757
3690,616,303.984131
3691,617,196.255112
3692,618,234.834839
3693,619,377.723969
3694,620,226.356277
3695,621,362.660126
3696,622,169.615005
3697,623,241.576202
3698,624,413.728271
3699,625,250.222488
626,626,1020.385437
3700,627,198.059875
3701,628,214.576416
3702,629,204.295868
3703,630,299.509338
3704,631,177.467743
3705,632,209.420471
3706,633,129.304855
3707,634,185.319458
3708,635,253.610657
3709,636,202.389877
3710,637,205.483841
3711,638,138.769104
3712,639,223.996277
3713,640,274.382904
3714,641,288.116425
3715,642,251.502960
3716,643,224.560013
3717,644,358.719177
3718,645,217.506271
3719,646,334.849884
3720,647,156.509354
3721,648,229.046341
3722,649,386.707672
650,650,1017.555542
3723,651,226.679718
3724,652,187.048889
3725,653,260.624512
3726,654,189.421356
3727,655,290.630920
3728,656,183.017410
3729,657,201.815720
3730,658,125.463882
3731,659,173.622955
3732,660,250.930832
3733,661,165.298401
3734,662,259.537201
3735,663,130.969833
3736,664,218.506683
3737,665,257.532379
2975,666,957.946899
3738,667,228.917984
3739,668,159.838043
3740,669,243.282074
3741,670,311.986877
3742,671,198.931839
3743,672,249.592255
3744,673,147.623764
674,674,950.743591
3745,675,240.115311
3746,676,351.642792
3747,677,234.654312
3748,678,213.113556
3749,679,174.953400
3750,680,197.646790
3751,681,293.931000
3752,682,160.644684
3753,683,188.210571
3754,684,133.139404
3755,685,180.455276
3756,686,232.082306
3757,687,169.619385
3758,688,166.801071
3759,689,154.272461
3760,690,175.278427
3761,691,325.744934
3762,692,221.938751
3763,693,165.464676
3764,694,238.017807
695,695,1126.305298
3765,696,285.201080
3766,697,192.245087
698,698,929.088928
3767,699,225.807953
3768,700,134.684494
3769,701,222.809586
3770,702,321.704193
3771,703,220.617188
3772,704,184.116165
3773,705,164.069519
3774,706,176.520294
3775,707,285.441376
3776,708,155.221603
3777,709,170.580521
3778,710,127.444901
3779,711,173.096436
3780,712,219.206100
3781,713,183.554428
3782,714,159.773163
3783,715,147.867493
3784,716,156.826935
3785,717,303.309570
3786,718,207.754150
3787,719,156.459396
3788,720,227.511185
3789,721,259.738678
722,722,939.900574
3790,723,181.276550
3791,724,177.287903
3792,725,125.567627
3793,726,199.526077
3794,727,275.380829
3795,728,202.108871
3796,729,192.117966
3797,730,149.662552
3798,731,161.960037
3799,732,232.449554
3800,733,133.040512
3801,734,142.085907
3802,735,107.889923
3803,736,142.699860
3804,737,176.006195
3805,738,185.085144
3806,739,125.824600
3807,740,130.590942
3808,741,113.359123
3809,742,275.282990
3810,743,162.075775
3811,744,98.205521
3812,745,177.234711
746,746,906.338806
3813,747,165.759521
3814,748,132.263748
3815,749,111.416550
3816,750,82.890465
3817,751,98.107483
3818,752,89.922958
3819,753,255.173935
3820,754,344.198517
3821,755,318.144989
3822,756,267.589203
3823,757,211.478943
3824,758,171.054520
3825,759,226.148300
3826,760,236.583130
3827,761,395.173889
3828,762,249.321487
3829,763,274.739532
3830,764,176.235977
3831,765,121.988899
3832,766,101.066635
3833,767,154.125061
3080,768,228.988907
3081,769,272.553894
770,770,895.355408
3082,771,294.305267
3083,772,257.361664
3084,773,337.516083
3085,774,367.111115
3086,775,274.346954
3854,776,7.319928
3088,777,325.483673
3089,778,423.966309
3090,779,347.541138
3091,780,466.254089
3092,781,296.255432
3093,782,501.150055
3094,783,275.077820
3095,784,656.456726
3096,785,233.056900
3097,786,380.977234
3098,787,630.456482
3099,788,371.721375
3100,789,272.634766
3101,790,257.586334
3102,791,275.274170
3103,792,439.457825
3859,793,7.267973
794,794,873.123474
3105,795,272.745728
3106,796,279.601410
3107,797,258.203186
3108,798,332.300293
3109,799,260.909058
3110,800,261.504791
3851,801,-3.663795
3112,802,335.350830
3113,803,433.846100
3114,804,340.711975
3115,805,529.821533
3116,806,303.894775
3117,807,505.137085
3118,808,272.538879
3119,809,683.047607
3120,810,226.725143
3121,811,362.478729
3122,812,634.048462
3123,813,384.715546
3124,814,292.508728
3125,815,251.580902
3126,816,273.752502
3127,817,445.475067
818,818,899.559082
3857,819,3.163481
3129,820,261.837646
3130,821,305.652039
3131,822,263.506653
3132,823,332.049103
3133,824,280.937317
3134,825,258.453888
3849,826,8.577504
3136,827,324.526001
3137,828,419.907532
3138,829,327.983063
3139,830,588.064880
3140,831,293.320251
3141,832,491.988861
3142,833,261.422119
3143,834,631.065552
3144,835,224.305893
3145,836,353.989044
3146,837,615.768555
3147,838,373.102478
3148,839,266.004303
3149,840,246.789658
3150,841,267.506622
842,842,876.186035
3151,843,425.273560
3855,844,-1.331482
3153,845,256.581604
3154,846,287.883331
3155,847,244.333969
3156,848,318.767456
3157,849,325.388489
3158,850,248.350632
3844,851,9.124884
3160,852,312.250000
3161,853,416.800690
3162,854,326.457520
3163,855,445.032379
3164,856,277.318451
3165,857,471.933838
3166,858,268.412292
3167,859,535.243164
3856,860,-1.380817
3169,861,348.294159
3170,862,592.870911
3171,863,362.914368
3172,864,268.210205
3173,865,243.793228
866,866,881.181335
3174,867,259.291016
3175,868,414.195923
3853,869,7.223700
3177,870,245.258057
3178,871,245.331314
3179,872,236.123169
3180,873,311.357544
3181,874,261.768036
3182,875,249.684509
3839,876,5.996119
3184,877,298.294189
3185,878,401.457062
3186,879,328.405640
3187,880,396.506012
3188,881,276.795135
3189,882,467.136536
3190,883,257.939697
3191,884,637.873169
3858,885,6.560059
3193,886,341.022491
3194,887,576.747192
3195,888,347.302032
3196,889,253.275726
890,890,863.517090
3197,891,237.506714
3198,892,251.488983
3199,893,409.492523
3850,894,11.613290
3201,895,247.806900
3202,896,282.606628
3203,897,230.477646
3204,898,303.034088
3205,899,274.662811
3206,900,246.901993
3837,901,21.804558
3208,902,303.493683
3209,903,400.855774
3210,904,328.441833
3211,905,330.337799
3212,906,282.163757
3213,907,472.189880
3214,908,268.607758
3215,909,591.673096
3862,910,4.690514
3217,911,347.362213
3218,912,582.471741
3219,913,357.273590
3220,914,238.796707
3221,915,228.220749
3222,916,256.579926
3223,917,402.523224
3846,918,-0.684361
3225,919,248.301590
3226,920,278.565613
3227,921,235.591629
3228,922,311.210510
3229,923,292.735626
3230,924,240.063187
3838,925,2.878173
3232,926,297.281555
3233,927,395.109558
3234,928,320.748474
3235,929,308.672638
3236,930,278.794342
3237,931,468.034271
3238,932,257.297882
3239,933,752.267090
3860,934,1.359448
3241,935,343.383392
3242,936,583.815369
3243,937,355.063568
938,938,900.756409
3244,939,252.680511
3245,940,237.235565
3246,941,257.668121
3247,942,403.205688
3845,943,14.957476
3249,944,245.420395
3250,945,301.292694
3251,946,235.428986
3252,947,302.438751
3253,948,303.848938
3254,949,243.121841
3836,950,-2.920238
3256,951,301.903290
3257,952,400.094635
3258,953,322.130035
3259,954,382.388916
3260,955,280.569061
3261,956,463.276947
3262,957,254.444092
3263,958,619.655884
959,959,1185.816040
3852,960,-3.184303
3265,961,338.989990
3266,962,581.361877
3267,963,345.218872
3268,964,258.216888
3269,965,240.099915
3270,966,257.374695
3271,967,406.671631
3843,968,-1.138418
3273,969,245.215683
3274,970,278.240479
3275,971,231.893051
3276,972,301.081451
3277,973,322.751373
3278,974,242.266754
3835,975,-5.335909
3280,976,287.079041
3281,977,393.737732
3282,978,308.260315
3283,979,425.532043
3284,980,276.314178
3285,981,470.115723
3286,982,247.185944
3287,983,565.080627
3848,984,11.811867
3289,985,336.206940
3290,986,569.117065
3291,987,337.081512
3292,988,234.124039
3293,989,231.796310
3294,990,251.712692
3295,991,410.464020
3841,992,13.436444
3297,993,223.915817
3298,994,292.725647
3863,995,1.771871
3300,996,303.525635
3301,997,329.745972
3302,998,224.197586
3834,999,37.433125
3304,1000,289.364014
3305,1001,378.409424
3306,1002,324.393005
3307,1003,397.398041
3308,1004,263.689117
3309,1005,447.132416
3310,1006,255.671722
3311,1007,524.579102
3847,1008,-5.434329
3313,1009,322.781769
3314,1010,557.142395
3315,1011,339.663635
3316,1012,238.751038
3317,1013,236.036148
3318,1014,239.773071
3319,1015,390.084229
3842,1016,-3.095680
3321,1017,243.440842
3322,1018,226.307678
3323,1019,226.772919
3324,1020,289.206207
3325,1021,270.618958
3326,1022,222.987167
3840,1023,22.029594
