step,kv_used,kv_total,kv_ratio,ttft_ms,tok_per_sec,shift_events,alpha
1,512,1024,0.5000,1223.677,418.411,0,0.750
2,513,1024,0.5010,24.348,41.071,0,0.750
3,514,1024,0.5020,22.093,45.263,0,0.750
4,515,1024,0.5029,21.963,45.531,0,0.750
5,516,1024,0.5039,21.627,46.238,0,0.750
6,517,1024,0.5049,21.882,45.700,0,0.750
7,518,1024,0.5059,21.864,45.737,0,0.750
8,519,1024,0.5068,21.631,46.230,0,0.750
9,520,1024,0.5078,21.864,45.737,0,0.750
10,521,1024,0.5088,21.553,46.397,0,0.750
11,522,1024,0.5098,21.016,47.583,0,0.750
12,523,1024,0.5107,21.346,46.847,0,0.750
13,524,1024,0.5117,21.223,47.119,0,0.750
14,525,1024,0.5127,21.439,46.644,0,0.750
15,526,1024,0.5137,21.559,46.384,0,0.750
16,527,1024,0.5146,21.318,46.909,0,0.750
17,528,1024,0.5156,21.058,47.488,0,0.750
18,529,1024,0.5166,21.294,46.962,0,0.750
19,530,1024,0.5176,21.283,46.986,0,0.750
20,531,1024,0.5186,21.027,47.558,0,0.750
21,532,1024,0.5195,21.296,46.957,0,0.750
22,533,1024,0.5205,20.999,47.621,0,0.750
23,534,1024,0.5215,21.342,46.856,0,0.750
24,535,1024,0.5225,21.232,47.099,0,0.750
25,536,1024,0.5234,20.993,47.635,0,0.750
26,537,1024,0.5244,21.296,46.957,0,0.750
27,538,1024,0.5254,21.209,47.150,0,0.750
28,539,1024,0.5264,21.527,46.453,0,0.750
29,540,1024,0.5273,21.207,47.154,0,0.750
30,541,1024,0.5283,21.142,47.299,0,0.750
31,542,1024,0.5293,20.958,47.714,0,0.750
32,543,1024,0.5303,21.131,47.324,0,0.750
33,544,1024,0.5312,20.944,47.746,0,0.750
34,545,1024,0.5322,21.171,47.234,0,0.750
35,546,1024,0.5332,21.078,47.443,0,0.750
36,547,1024,0.5342,20.858,47.943,0,0.750
37,548,1024,0.5352,21.154,47.272,0,0.750
38,549,1024,0.5361,21.085,47.427,0,0.750
39,550,1024,0.5371,20.830,48.008,0,0.750
40,551,1024,0.5381,21.099,47.396,0,0.750
41,552,1024,0.5391,21.024,47.565,0,0.750
42,553,1024,0.5400,21.610,46.275,0,0.750
43,554,1024,0.5410,21.346,46.847,0,0.750
44,555,1024,0.5420,21.007,47.603,0,0.750
45,556,1024,0.5430,21.215,47.136,0,0.750
46,557,1024,0.5439,21.163,47.252,0,0.750
47,558,1024,0.5449,21.128,47.331,0,0.750
48,559,1024,0.5459,21.307,46.933,0,0.750
49,560,1024,0.5469,21.179,47.217,0,0.750
50,561,1024,0.5479,21.020,47.574,0,0.750
51,562,1024,0.5488,21.251,47.057,0,0.750
52,563,1024,0.5498,21.129,47.328,0,0.750
53,564,1024,0.5508,21.013,47.590,0,0.750
54,565,1024,0.5518,21.308,46.931,0,0.750
55,566,1024,0.5527,21.058,47.488,0,0.750
56,567,1024,0.5537,21.299,46.951,0,0.750
57,568,1024,0.5547,21.475,46.566,0,0.750
58,569,1024,0.5557,21.396,46.738,0,0.750
59,570,1024,0.5566,21.218,47.130,0,0.750
60,571,1024,0.5576,21.184,47.205,0,0.750
61,572,1024,0.5586,21.081,47.436,0,0.750
62,573,1024,0.5596,21.268,47.019,0,0.750
63,574,1024,0.5605,21.293,46.964,0,0.750
64,575,1024,0.5615,21.055,47.495,0,0.750
65,576,1024,0.5625,21.309,46.929,0,0.750
66,577,1024,0.5635,21.337,46.867,0,0.750
67,578,1024,0.5645,21.134,47.317,0,0.750
68,579,1024,0.5654,21.456,46.607,0,0.750
69,580,1024,0.5664,20.952,47.728,0,0.750
70,581,1024,0.5674,21.414,46.698,0,0.750
71,582,1024,0.5684,21.382,46.768,0,0.750
72,583,1024,0.5693,21.668,46.151,0,0.750
73,584,1024,0.5703,21.465,46.587,0,0.750
74,585,1024,0.5713,21.408,46.712,0,0.750
75,586,1024,0.5723,21.113,47.364,0,0.750
76,587,1024,0.5732,21.429,46.666,0,0.750
77,588,1024,0.5742,21.286,46.979,0,0.750
78,589,1024,0.5752,21.149,47.284,0,0.750
79,590,1024,0.5762,21.339,46.863,0,0.750
80,591,1024,0.5771,21.415,46.696,0,0.750
81,592,1024,0.5781,21.041,47.526,0,0.750
82,593,1024,0.5791,21.297,46.955,0,0.750
83,594,1024,0.5801,21.108,47.375,0,0.750
84,595,1024,0.5811,21.491,46.531,0,0.750
85,596,1024,0.5820,21.495,46.522,0,0.750
86,597,1024,0.5830,21.823,45.823,0,0.750
87,598,1024,0.5840,21.546,46.412,0,0.750
88,599,1024,0.5850,21.518,46.473,0,0.750
89,600,1024,0.5859,21.296,46.957,0,0.750
90,601,1024,0.5869,21.746,45.985,0,0.750
91,602,1024,0.5879,21.498,46.516,0,0.750
92,603,1024,0.5889,21.354,46.830,0,0.750
93,604,1024,0.5898,21.604,46.288,0,0.750
94,605,1024,0.5908,21.593,46.311,0,0.750
95,606,1024,0.5918,21.388,46.755,0,0.750
96,607,1024,0.5928,21.643,46.204,0,0.750
97,608,1024,0.5938,21.644,46.202,0,0.750
98,609,1024,0.5947,21.466,46.585,0,0.750
99,610,1024,0.5957,21.688,46.108,0,0.750
100,611,1024,0.5967,21.796,45.880,0,0.750
101,612,1024,0.5977,21.891,45.681,0,0.750
102,613,1024,0.5986,22.005,45.444,0,0.750
103,614,1024,0.5996,21.873,45.718,0,0.750
104,615,1024,0.6006,21.524,46.460,0,0.750
105,616,1024,0.6016,21.780,45.914,0,0.750
106,617,1024,0.6025,21.547,46.410,0,0.750
107,618,1024,0.6035,22.018,45.417,0,0.750
108,619,1024,0.6045,22.116,45.216,0,0.750
109,620,1024,0.6055,21.908,45.645,0,0.750
110,621,1024,0.6064,22.248,44.948,0,0.750
111,622,1024,0.6074,22.424,44.595,0,0.750
112,623,1024,0.6084,22.084,45.282,0,0.750
113,624,1024,0.6094,22.499,44.446,0,0.750
114,625,1024,0.6104,22.663,44.125,0,0.750
115,626,1024,0.6113,22.872,43.722,0,0.750
116,627,1024,0.6123,22.322,44.799,0,0.750
117,628,1024,0.6133,22.891,43.685,0,0.750
118,629,1024,0.6143,22.965,43.545,0,0.750
119,630,1024,0.6152,22.721,44.012,0,0.750
120,631,1024,0.6162,22.984,43.509,0,0.750
121,632,1024,0.6172,23.278,42.959,0,0.750
122,633,1024,0.6182,22.898,43.672,0,0.750
123,634,1024,0.6191,23.238,43.033,0,0.750
124,635,1024,0.6201,23.353,42.821,0,0.750
125,636,1024,0.6211,23.206,43.092,0,0.750
126,637,1024,0.6221,23.373,42.784,0,0.750
127,638,1024,0.6230,23.576,42.416,0,0.750
128,639,1024,0.6240,23.756,42.095,0,0.750
129,640,1024,0.6250,23.754,42.098,0,0.750
130,641,1024,0.6260,24.004,41.660,0,0.750
131,642,1024,0.6270,24.182,41.353,0,0.750
132,643,1024,0.6279,23.919,41.808,0,0.750
133,644,1024,0.6289,23.983,41.696,0,0.750
134,645,1024,0.6299,23.947,41.759,0,0.750
135,646,1024,0.6309,24.124,41.452,0,0.750
136,647,1024,0.6318,24.224,41.281,0,0.750
137,648,1024,0.6328,25.439,39.310,0,0.750
138,649,1024,0.6338,25.472,39.259,0,0.750
139,650,1024,0.6348,25.086,39.863,0,0.750
140,651,1024,0.6357,24.976,40.038,0,0.750
141,652,1024,0.6367,25.246,39.610,0,0.750
142,653,1024,0.6377,25.207,39.672,0,0.750
143,654,1024,0.6387,25.450,39.293,0,0.750
144,655,1024,0.6396,25.268,39.576,0,0.750
145,656,1024,0.6406,25.826,38.721,0,0.750
146,657,1024,0.6416,25.780,38.790,0,0.750
147,658,1024,0.6426,25.762,38.817,0,0.750
148,659,1024,0.6436,25.937,38.555,0,0.750
149,660,1024,0.6445,25.596,39.069,0,0.750
150,661,1024,0.6455,26.068,38.361,0,0.750
151,662,1024,0.6465,26.347,37.955,0,0.750
152,663,1024,0.6475,26.471,37.777,0,0.750
153,664,1024,0.6484,26.281,38.050,0,0.750
154,665,1024,0.6494,26.198,38.171,0,0.750
155,666,1024,0.6504,26.782,37.339,0,0.750
156,667,1024,0.6514,26.735,37.404,0,0.750
157,668,1024,0.6523,27.119,36.875,0,0.750
158,669,1024,0.6533,26.872,37.213,0,0.750
159,670,1024,0.6543,26.555,37.658,0,0.750
160,671,1024,0.6553,26.575,37.629,0,0.750
161,672,1024,0.6562,26.880,37.202,0,0.750
162,673,1024,0.6572,27.084,36.922,0,0.750
163,674,1024,0.6582,27.205,36.758,0,0.750
164,675,1024,0.6592,26.833,37.268,0,0.750
165,676,1024,0.6602,27.340,36.576,0,0.750
166,677,1024,0.6611,27.121,36.872,0,0.750
167,678,1024,0.6621,27.004,37.032,0,0.750
168,679,1024,0.6631,27.033,36.992,0,0.750
169,680,1024,0.6641,27.386,36.515,0,0.750
170,681,1024,0.6650,26.963,37.088,0,0.750
171,682,1024,0.6660,27.202,36.762,0,0.750
172,683,1024,0.6670,27.273,36.666,0,0.750
173,684,1024,0.6680,27.338,36.579,0,0.750
174,685,1024,0.6689,27.118,36.876,0,0.750
175,686,1024,0.6699,26.751,37.382,0,0.750
176,687,1024,0.6709,27.370,36.536,0,0.750
177,688,1024,0.6719,26.794,37.322,0,0.750
178,689,1024,0.6729,26.784,37.336,0,0.750
179,690,1024,0.6738,26.881,37.201,0,0.750
180,691,1024,0.6748,26.734,37.406,0,0.750
181,692,1024,0.6758,26.706,37.445,0,0.750
182,693,1024,0.6768,26.735,37.404,0,0.750
183,694,1024,0.6777,26.855,37.237,0,0.750
184,695,1024,0.6787,27.034,36.990,0,0.750
185,696,1024,0.6797,26.740,37.397,0,0.750
186,697,1024,0.6807,25.983,38.487,0,0.750
187,698,1024,0.6816,26.329,37.981,0,0.750
188,699,1024,0.6826,26.358,37.939,0,0.750
189,700,1024,0.6836,26.374,37.916,0,0.750
190,701,1024,0.6846,26.185,38.190,0,0.750
191,702,1024,0.6855,26.293,38.033,0,0.750
192,703,1024,0.6865,26.445,37.814,0,0.750
193,704,1024,0.6875,26.432,37.833,0,0.750
194,705,1024,0.6885,26.012,38.444,0,0.750
195,706,1024,0.6895,25.724,38.874,0,0.750
196,707,1024,0.6904,25.844,38.694,0,0.750
197,708,1024,0.6914,25.968,38.509,0,0.750
198,709,1024,0.6924,26.018,38.435,0,0.750
199,710,1024,0.6934,26.041,38.401,0,0.750
200,711,1024,0.6943,25.859,38.671,0,0.750
201,712,1024,0.6953,25.782,38.787,0,0.750
202,713,1024,0.6963,25.680,38.941,0,0.750
203,714,1024,0.6973,25.675,38.948,0,0.750
204,715,1024,0.6982,25.552,39.136,0,0.750
205,716,1024,0.6992,25.772,38.802,0,0.750
206,717,1024,0.7002,25.763,38.815,0,0.750
207,718,1024,0.7012,25.591,39.076,0,0.750
208,719,1024,0.7021,25.496,39.222,0,0.750
209,720,1024,0.7031,25.236,39.626,0,0.750
210,721,1024,0.7041,25.499,39.217,0,0.750
211,722,1024,0.7051,25.448,39.296,0,0.750
212,723,1024,0.7061,25.054,39.914,0,0.750
213,724,1024,0.7070,24.715,40.461,0,0.750
214,725,1024,0.7080,25.069,39.890,0,0.750
215,726,1024,0.7090,25.094,39.850,0,0.750
216,727,1024,0.7100,26.333,37.975,0,0.750
217,728,1024,0.7109,25.033,39.947,0,0.750
218,729,1024,0.7119,25.404,39.364,0,0.750
219,730,1024,0.7129,25.267,39.577,0,0.750
220,731,1024,0.7139,25.165,39.738,0,0.750
221,732,1024,0.7148,24.919,40.130,0,0.750
222,733,1024,0.7158,25.296,39.532,0,0.750
223,734,1024,0.7168,25.124,39.803,0,0.750
224,735,1024,0.7178,24.874,40.203,0,0.750
225,736,1024,0.7188,24.517,40.788,0,0.750
226,737,1024,0.7197,24.837,40.263,0,0.750
227,738,1024,0.7207,24.937,40.101,0,0.750
228,739,1024,0.7217,24.910,40.145,0,0.750
229,740,1024,0.7227,24.645,40.576,0,0.750
230,741,1024,0.7236,25.257,39.593,0,0.750
231,742,1024,0.7246,24.889,40.178,0,0.750
232,743,1024,0.7256,24.840,40.258,0,0.750
233,744,1024,0.7266,24.379,41.019,0,0.750
234,745,1024,0.7275,24.700,40.486,0,0.750
235,746,1024,0.7285,24.736,40.427,0,0.750
236,747,1024,0.7295,24.793,40.334,0,0.750
237,748,1024,0.7305,24.396,40.990,0,0.750
238,749,1024,0.7314,24.802,40.319,0,0.750
239,750,1024,0.7324,24.708,40.473,0,0.750
240,751,1024,0.7334,24.763,40.383,0,0.750
241,752,1024,0.7344,24.459,40.885,0,0.750
242,753,1024,0.7354,24.190,41.339,0,0.750
243,754,1024,0.7363,24.567,40.705,0,0.750
244,755,1024,0.7373,24.382,41.014,0,0.750
245,756,1024,0.7383,24.218,41.292,0,0.750
246,757,1024,0.7393,24.508,40.803,0,0.750
247,758,1024,0.7402,24.398,40.987,0,0.750
248,759,1024,0.7412,24.473,40.861,0,0.750
249,760,1024,0.7422,24.236,41.261,0,0.750
250,761,1024,0.7432,24.516,40.790,0,0.750
251,762,1024,0.7441,24.427,40.938,0,0.750
252,763,1024,0.7451,24.068,41.549,0,0.750
253,764,1024,0.7461,24.228,41.275,0,0.750
254,765,1024,0.7471,24.428,40.937,0,0.750
255,766,1024,0.7480,24.353,41.063,0,0.750
256,767,1024,0.7490,24.095,41.502,0,0.750
257,768,1024,0.7500,24.895,40.169,0,0.750
258,769,1024,0.7510,25.870,38.655,0,0.750
259,770,1024,0.7520,24.271,41.201,0,0.750
260,771,1024,0.7529,24.067,41.551,0,0.750
261,772,1024,0.7539,24.375,41.026,0,0.750
262,773,1024,0.7549,24.500,40.816,0,0.750
263,774,1024,0.7559,24.208,41.309,0,0.750
264,775,1024,0.7568,23.820,41.982,0,0.750
265,776,1024,0.7578,24.249,41.239,0,0.750
266,777,1024,0.7588,24.223,41.283,0,0.750
267,778,1024,0.7598,24.252,41.234,0,0.750
268,779,1024,0.7607,23.976,41.708,0,0.750
269,780,1024,0.7617,24.119,41.461,0,0.750
270,781,1024,0.7627,24.119,41.461,0,0.750
271,782,1024,0.7637,23.874,41.887,0,0.750
272,783,1024,0.7646,24.201,41.321,0,0.750
273,784,1024,0.7656,24.247,41.242,0,0.750
274,785,1024,0.7666,24.210,41.305,0,0.750
275,786,1024,0.7676,23.881,41.874,0,0.750
276,787,1024,0.7686,24.177,41.362,0,0.750
277,788,1024,0.7695,24.279,41.188,0,0.750
278,789,1024,0.7705,24.281,41.184,0,0.750
279,790,1024,0.7715,24.034,41.608,0,0.750
280,791,1024,0.7725,23.964,41.729,0,0.750
281,792,1024,0.7734,24.217,41.293,0,0.750
282,793,1024,0.7744,24.022,41.629,0,0.750
283,794,1024,0.7754,24.434,40.927,0,0.750
284,795,1024,0.7764,24.306,41.142,0,0.750
285,796,1024,0.7773,24.243,41.249,0,0.750
286,797,1024,0.7783,24.218,41.292,0,0.750
287,798,1024,0.7793,24.873,40.204,0,0.750
288,799,1024,0.7803,25.069,39.890,0,0.750
289,800,1024,0.7812,24.197,41.327,0,0.750
290,801,1024,0.7822,24.644,40.578,0,0.750
291,802,1024,0.7832,24.202,41.319,0,0.750
292,803,1024,0.7842,24.228,41.275,0,0.750
293,804,1024,0.7852,24.200,41.322,0,0.750
294,805,1024,0.7861,24.014,41.642,0,0.750
295,806,1024,0.7871,24.250,41.237,0,0.750
296,807,1024,0.7881,23.978,41.705,0,0.750
297,808,1024,0.7891,32.400,30.864,0,0.750
298,809,1024,0.7900,28.342,35.283,0,0.750
299,810,1024,0.7910,24.764,40.381,0,0.750
300,811,1024,0.7920,25.460,39.277,0,0.750
301,812,1024,0.7930,24.722,40.450,0,0.750
302,813,1024,0.7939,24.263,41.215,0,0.750
303,814,1024,0.7949,24.575,40.692,0,0.750
304,815,1024,0.7959,24.101,41.492,0,0.750
305,816,1024,0.7969,24.077,41.533,0,0.750
306,817,1024,0.7979,23.845,41.938,0,0.750
307,818,1024,0.7988,24.146,41.415,0,0.750
308,819,1024,0.7998,24.214,41.298,0,0.750
309,820,1024,0.8008,24.181,41.355,0,0.750
310,821,1024,0.8018,24.675,40.527,0,0.750
311,822,1024,0.8027,24.419,40.952,0,0.750
312,823,1024,0.8037,24.245,41.246,0,0.750
313,824,1024,0.8047,24.200,41.322,0,0.750
314,825,1024,0.8057,23.998,41.670,0,0.750
315,826,1024,0.8066,24.954,40.074,0,0.750
316,827,1024,0.8076,24.187,41.345,0,0.750
317,828,1024,0.8086,24.735,40.429,0,0.750
318,829,1024,0.8096,23.949,41.755,0,0.750
319,830,1024,0.8105,24.328,41.105,0,0.750
320,831,1024,0.8115,24.756,40.394,0,0.750
321,832,1024,0.8125,24.428,40.937,0,0.750
322,833,1024,0.8135,24.551,40.732,0,0.750
323,834,1024,0.8145,24.086,41.518,0,0.750
324,835,1024,0.8154,24.029,41.616,0,0.750
325,836,1024,0.8164,23.983,41.696,0,0.750
326,837,1024,0.8174,24.295,41.161,0,0.750
327,838,1024,0.8184,24.886,40.183,0,0.750
328,839,1024,0.8193,24.003,41.661,0,0.750
329,840,1024,0.8203,27.880,35.868,0,0.750
330,841,1024,0.8213,24.486,40.840,0,0.750
331,842,1024,0.8223,23.950,41.754,0,0.750
332,843,1024,0.8232,24.045,41.589,0,0.750
333,844,1024,0.8242,23.661,42.264,0,0.750
334,845,1024,0.8252,23.968,41.722,0,0.750
335,846,1024,0.8262,23.961,41.734,0,0.750
336,847,1024,0.8271,24.011,41.648,0,0.750
337,848,1024,0.8281,23.762,42.084,0,0.750
338,849,1024,0.8291,24.150,41.408,0,0.750
339,850,1024,0.8301,23.975,41.710,0,0.750
340,851,1024,0.8311,23.859,41.913,0,0.750
341,852,1024,0.8320,24.186,41.346,0,0.750
342,853,1024,0.8330,24.556,40.723,0,0.750
343,854,1024,0.8340,24.046,41.587,0,0.750
344,855,1024,0.8350,24.233,41.266,0,0.750
345,856,1024,0.8359,24.142,41.422,0,0.750
346,857,1024,0.8369,24.079,41.530,0,0.750
347,858,1024,0.8379,24.211,41.304,0,0.750
348,859,1024,0.8389,23.857,41.916,0,0.750
349,860,1024,0.8398,23.999,41.668,0,0.750
350,861,1024,0.8408,24.704,40.479,0,0.750
351,862,1024,0.8418,24.480,40.850,0,0.750
352,863,1024,0.8428,24.474,40.860,0,0.750
353,864,1024,0.8438,24.109,41.478,0,0.750
354,865,1024,0.8447,24.828,40.277,0,0.750
355,866,1024,0.8457,23.964,41.729,0,0.750
356,867,1024,0.8467,24.366,41.041,0,0.750
357,868,1024,0.8477,24.254,41.230,0,0.750
358,869,1024,0.8486,24.877,40.198,0,0.750
359,870,1024,0.8496,23.987,41.689,0,0.750
360,871,1024,0.8506,24.303,41.147,0,0.750
361,872,1024,0.8516,24.259,41.222,0,0.750
362,873,1024,0.8525,25.152,39.758,0,0.750
363,874,1024,0.8535,24.143,41.420,0,0.750
364,875,1024,0.8545,24.563,40.712,0,0.750
365,876,1024,0.8555,24.472,40.863,0,0.750
366,877,1024,0.8564,24.510,40.800,0,0.750
367,878,1024,0.8574,24.139,41.427,0,0.750
368,879,1024,0.8584,24.372,41.031,0,0.750
369,880,1024,0.8594,24.437,40.922,0,0.750
370,881,1024,0.8604,24.002,41.663,0,0.750
371,882,1024,0.8613,24.347,41.073,0,0.750
372,883,1024,0.8623,24.461,40.881,0,0.750
373,884,1024,0.8633,24.543,40.745,0,0.750
374,885,1024,0.8643,24.262,41.217,0,0.750
375,886,1024,0.8652,24.422,40.947,0,0.750
376,887,1024,0.8662,26.369,37.923,0,0.750
377,888,1024,0.8672,25.310,39.510,0,0.750
378,889,1024,0.8682,31.635,31.611,0,0.750
379,890,1024,0.8691,26.423,37.846,0,0.750
380,891,1024,0.8701,24.151,41.406,0,0.750
381,892,1024,0.8711,30.169,33.147,0,0.750
382,893,1024,0.8721,32.077,31.175,0,0.750
383,894,1024,0.8730,31.886,31.362,0,0.750
384,895,1024,0.8740,31.574,31.672,0,0.750
385,896,1024,0.8750,31.314,31.935,0,0.750
386,897,1024,0.8760,23.772,42.066,0,0.750
387,898,1024,0.8770,23.319,42.883,0,0.750
388,899,1024,0.8779,23.580,42.409,0,0.750
389,900,1024,0.8789,23.357,42.814,0,0.750
390,901,1024,0.8799,23.068,43.350,0,0.750
391,902,1024,0.8809,23.578,42.412,0,0.750
392,903,1024,0.8818,23.742,42.119,0,0.750
393,904,1024,0.8828,23.733,42.135,0,0.750
394,905,1024,0.8838,23.496,42.560,0,0.750
395,906,1024,0.8848,23.848,41.932,0,0.750
396,907,1024,0.8857,23.781,42.050,0,0.750
397,908,1024,0.8867,23.465,42.617,0,0.750
398,909,1024,0.8877,23.804,42.010,0,0.750
399,910,1024,0.8887,23.819,41.983,0,0.750
400,911,1024,0.8896,24.410,40.967,0,0.750
401,912,1024,0.8906,23.506,42.542,0,0.750
402,913,1024,0.8916,23.876,41.883,0,0.750
403,914,1024,0.8926,24.028,41.618,0,0.750
404,915,1024,0.8936,23.691,42.210,0,0.750
405,916,1024,0.8945,24.435,40.925,0,0.750
406,917,1024,0.8955,23.907,41.829,0,0.750
407,918,1024,0.8965,24.581,40.682,0,0.750
408,919,1024,0.8975,23.920,41.806,0,0.750
409,920,1024,0.8984,23.913,41.818,0,0.750
410,921,1024,0.8994,23.758,42.091,0,0.750
411,922,1024,0.9004,23.799,42.019,0,0.750
412,923,1024,0.9014,23.789,42.036,0,0.750
413,924,1024,0.9023,24.373,41.029,0,0.750
414,925,1024,0.9033,23.741,42.121,0,0.750
415,926,1024,0.9043,24.862,40.222,0,0.750
416,927,1024,0.9053,24.535,40.758,0,0.750
417,928,1024,0.9062,24.072,41.542,0,0.750
418,929,1024,0.9072,24.184,41.350,0,0.750
419,930,1024,0.9082,23.626,42.326,0,0.750
420,931,1024,0.9092,31.914,31.334,0,0.750
421,932,1024,0.9102,26.972,37.075,0,0.750
422,933,1024,0.9111,24.080,41.528,0,0.750
423,934,1024,0.9121,24.022,41.629,0,0.750
424,935,1024,0.9131,23.898,41.845,0,0.750
425,936,1024,0.9141,23.652,42.280,0,0.750
426,937,1024,0.9150,32.655,30.623,0,0.750
427,938,1024,0.9160,29.108,34.355,0,0.750
428,939,1024,0.9170,32.827,30.463,0,0.750
429,940,1024,0.9180,28.087,35.604,0,0.750
430,941,1024,0.9189,30.812,32.455,0,0.750
431,942,1024,0.9199,32.447,30.819,0,0.750
432,943,1024,0.9209,32.214,31.042,0,0.750
433,944,1024,0.9219,23.248,43.014,0,0.750
434,945,1024,0.9229,31.886,31.362,0,0.750
435,946,1024,0.9238,23.400,42.735,0,0.750
436,947,1024,0.9248,23.219,43.068,0,0.750
437,948,1024,0.9258,23.791,42.033,0,0.750
438,949,1024,0.9268,23.530,42.499,0,0.750
439,950,1024,0.9277,23.425,42.689,0,0.750
440,951,1024,0.9287,23.391,42.751,0,0.750
441,952,1024,0.9297,23.751,42.103,0,0.750
442,953,1024,0.9307,23.347,42.832,0,0.750
443,954,1024,0.9316,28.564,35.009,0,0.750
444,955,1024,0.9326,24.083,41.523,0,0.750
445,956,1024,0.9336,23.174,43.152,0,0.750
446,957,1024,0.9346,23.365,42.799,0,0.750
447,958,1024,0.9355,23.408,42.720,0,0.750
448,959,1024,0.9365,23.384,42.764,0,0.750
449,960,1024,0.9375,23.386,42.761,0,0.750
450,961,1024,0.9385,31.493,31.753,0,0.750
451,962,1024,0.9395,24.132,41.439,0,0.750
452,963,1024,0.9404,23.195,43.113,0,0.750
453,964,1024,0.9414,31.981,31.269,0,0.750
454,965,1024,0.9424,23.488,42.575,0,0.750
455,966,1024,0.9434,23.399,42.737,0,0.750
456,967,1024,0.9443,23.426,42.688,0,0.750
457,968,1024,0.9453,23.165,43.169,0,0.750
458,969,1024,0.9463,23.293,42.931,0,0.750
459,970,1024,0.9473,23.496,42.560,0,0.750
460,971,1024,0.9482,23.456,42.633,0,0.750
461,972,1024,0.9492,23.625,42.328,0,0.750
462,973,1024,0.9502,23.571,42.425,0,0.750
463,974,1024,0.9512,24.290,41.169,0,0.750
464,975,1024,0.9521,23.775,42.061,0,0.750
465,976,1024,0.9531,28.511,35.074,0,0.750
466,977,1024,0.9541,31.789,31.457,0,0.750
467,978,1024,0.9551,29.892,33.454,0,0.750
468,979,1024,0.9561,32.043,31.208,0,0.750
469,980,1024,0.9570,29.950,33.389,0,0.750
470,981,1024,0.9580,23.354,42.819,0,0.750
471,982,1024,0.9590,22.979,43.518,0,0.750
472,983,1024,0.9600,23.929,41.790,0,0.750
473,984,1024,0.9609,23.675,42.239,0,0.750
474,985,1024,0.9619,23.235,43.039,0,0.750
475,986,1024,0.9629,23.402,42.731,0,0.750
476,987,1024,0.9639,23.501,42.551,0,0.750
477,988,1024,0.9648,23.158,43.182,0,0.750
478,989,1024,0.9658,23.851,41.927,0,0.750
479,990,1024,0.9668,23.454,42.637,0,0.750
480,991,1024,0.9678,23.360,42.808,0,0.750
481,992,1024,0.9688,23.948,41.757,0,0.750
482,993,1024,0.9697,31.946,31.303,0,0.750
483,994,1024,0.9707,23.475,42.599,0,0.750
484,995,1024,0.9717,23.422,42.695,0,0.750
485,996,1024,0.9727,32.415,30.850,0,0.750
486,997,1024,0.9736,23.943,41.766,0,0.750
487,998,1024,0.9746,24.165,41.382,0,0.750
488,999,1024,0.9756,23.303,42.913,0,0.750
489,1000,1024,0.9766,23.285,42.946,0,0.750
490,1001,1024,0.9775,23.128,43.238,0,0.750
491,1002,1024,0.9785,23.438,42.666,0,0.750
492,1003,1024,0.9795,24.106,41.483,0,0.750
493,1004,1024,0.9805,23.306,42.907,0,0.750
494,1005,1024,0.9814,23.664,42.258,0,0.750
495,1006,1024,0.9824,23.582,42.405,0,0.750
496,1007,1024,0.9834,24.009,41.651,0,0.750
497,1008,1024,0.9844,23.390,42.753,0,0.750
498,1009,1024,0.9854,27.892,35.853,0,0.750
499,1010,1024,0.9863,23.617,42.342,0,0.750
500,1011,1024,0.9873,23.334,42.856,0,0.750
501,1012,1024,0.9883,30.128,33.192,0,0.750
502,1013,1024,0.9893,23.559,42.447,0,0.750
503,1014,1024,0.9902,23.627,42.324,0,0.750
504,1015,1024,0.9912,32.363,30.899,0,0.750
505,1016,1024,0.9922,23.237,43.035,0,0.750
506,1017,1024,0.9932,24.009,41.651,0,0.750
507,1018,1024,0.9941,23.674,42.240,0,0.750
508,1019,1024,0.9951,23.867,41.899,0,0.750
509,1020,1024,0.9961,23.816,41.989,0,0.750
510,1021,1024,0.9971,24.197,41.327,0,0.750
511,1022,1024,0.9980,23.687,42.217,0,0.750
512,1023,1024,0.9990,24.287,41.174,0,0.750
513,1024,1024,1.0000,24.008,41.653,0,0.750
514,1024,1024,1.0000,30.293,33.011,1,0.750
515,1024,1024,1.0000,29.526,33.868,1,0.750
516,1024,1024,1.0000,29.447,33.959,1,0.750
517,1024,1024,1.0000,30.075,33.250,1,0.750
518,1024,1024,1.0000,29.230,34.211,1,0.750
519,1024,1024,1.0000,29.001,34.482,1,0.750
520,1024,1024,1.0000,29.518,33.878,1,0.750
521,1024,1024,1.0000,28.982,34.504,1,0.750
522,1024,1024,1.0000,28.920,34.578,1,0.750
523,1024,1024,1.0000,29.042,34.433,1,0.750
524,1024,1024,1.0000,28.941,34.553,1,0.750
525,1024,1024,1.0000,29.412,34.000,1,0.750
526,1024,1024,1.0000,28.552,35.024,1,0.750
527,1024,1024,1.0000,28.494,35.095,1,0.750
528,1024,1024,1.0000,28.412,35.196,1,0.750
529,1024,1024,1.0000,28.416,35.191,1,0.750
530,1024,1024,1.0000,27.589,36.246,1,0.750
531,1024,1024,1.0000,28.522,35.061,1,0.750
532,1024,1024,1.0000,28.690,34.855,1,0.750
533,1024,1024,1.0000,28.411,35.198,1,0.750
534,1024,1024,1.0000,28.454,35.144,1,0.750
535,1024,1024,1.0000,28.344,35.281,1,0.750
536,1024,1024,1.0000,27.521,36.336,1,0.750
537,1024,1024,1.0000,28.414,35.194,1,0.750
538,1024,1024,1.0000,30.667,32.608,1,0.750
539,1024,1024,1.0000,27.941,35.790,1,0.750
540,1024,1024,1.0000,28.146,35.529,1,0.750
541,1024,1024,1.0000,28.619,34.942,1,0.750
542,1024,1024,1.0000,28.447,35.153,1,0.750
543,1024,1024,1.0000,36.164,27.652,1,0.750
544,1024,1024,1.0000,28.347,35.277,1,0.750
545,1024,1024,1.0000,28.731,34.806,1,0.750
546,1024,1024,1.0000,28.643,34.913,1,0.750
547,1024,1024,1.0000,28.538,35.041,1,0.750
548,1024,1024,1.0000,28.251,35.397,1,0.750
549,1024,1024,1.0000,28.007,35.705,1,0.750
550,1024,1024,1.0000,27.918,35.819,1,0.750
551,1024,1024,1.0000,27.172,36.803,1,0.750
552,1024,1024,1.0000,27.733,36.058,1,0.750
553,1024,1024,1.0000,27.783,35.993,1,0.750
554,1024,1024,1.0000,28.241,35.410,1,0.750
555,1024,1024,1.0000,27.974,35.747,1,0.750
556,1024,1024,1.0000,27.776,36.002,1,0.750
557,1024,1024,1.0000,27.450,36.430,1,0.750
558,1024,1024,1.0000,27.757,36.027,1,0.750
559,1024,1024,1.0000,27.962,35.763,1,0.750
560,1024,1024,1.0000,28.508,35.078,1,0.750
561,1024,1024,1.0000,27.680,36.127,1,0.750
562,1024,1024,1.0000,27.517,36.341,1,0.750
563,1024,1024,1.0000,27.557,36.288,1,0.750
564,1024,1024,1.0000,27.402,36.494,1,0.750
565,1024,1024,1.0000,28.732,34.804,1,0.750
566,1024,1024,1.0000,28.380,35.236,1,0.750
567,1024,1024,1.0000,27.814,35.953,1,0.750
568,1024,1024,1.0000,27.747,36.040,1,0.750
569,1024,1024,1.0000,27.461,36.415,1,0.750
570,1024,1024,1.0000,27.300,36.630,1,0.750
571,1024,1024,1.0000,27.418,36.472,1,0.750
572,1024,1024,1.0000,27.735,36.056,1,0.750
573,1024,1024,1.0000,27.767,36.014,1,0.750
574,1024,1024,1.0000,28.098,35.590,1,0.750
575,1024,1024,1.0000,27.568,36.274,1,0.750
576,1024,1024,1.0000,28.944,34.549,1,0.750
577,1024,1024,1.0000,27.024,37.004,1,0.750
578,1024,1024,1.0000,27.861,35.892,1,0.750
579,1024,1024,1.0000,27.780,35.997,1,0.750
580,1024,1024,1.0000,27.528,36.327,1,0.750
581,1024,1024,1.0000,28.384,35.231,1,0.750
582,1024,1024,1.0000,27.355,36.556,1,0.750
583,1024,1024,1.0000,26.928,37.136,1,0.750
584,1024,1024,1.0000,27.738,36.052,1,0.750
585,1024,1024,1.0000,30.603,32.677,1,0.750
586,1024,1024,1.0000,27.899,35.844,1,0.750
587,1024,1024,1.0000,28.421,35.185,1,0.750
588,1024,1024,1.0000,27.407,36.487,1,0.750
589,1024,1024,1.0000,26.866,37.222,1,0.750
590,1024,1024,1.0000,27.571,36.270,1,0.750
591,1024,1024,1.0000,27.735,36.056,1,0.750
592,1024,1024,1.0000,27.826,35.938,1,0.750
593,1024,1024,1.0000,27.689,36.115,1,0.750
594,1024,1024,1.0000,27.582,36.256,1,0.750
595,1024,1024,1.0000,27.035,36.989,1,0.750
596,1024,1024,1.0000,27.765,36.017,1,0.750
597,1024,1024,1.0000,27.752,36.033,1,0.750
598,1024,1024,1.0000,28.012,35.699,1,0.750
599,1024,1024,1.0000,27.603,36.228,1,0.750
600,1024,1024,1.0000,27.630,36.193,1,0.750
601,1024,1024,1.0000,27.021,37.008,1,0.750
602,1024,1024,1.0000,27.692,36.112,1,0.750
603,1024,1024,1.0000,27.944,35.786,1,0.750
604,1024,1024,1.0000,27.732,36.059,1,0.750
605,1024,1024,1.0000,27.764,36.018,1,0.750
606,1024,1024,1.0000,27.610,36.219,1,0.750
607,1024,1024,1.0000,27.095,36.907,1,0.750
608,1024,1024,1.0000,27.869,35.882,1,0.750
609,1024,1024,1.0000,27.551,36.296,1,0.750
610,1024,1024,1.0000,28.004,35.709,1,0.750
611,1024,1024,1.0000,27.616,36.211,1,0.750
612,1024,1024,1.0000,27.442,36.440,1,0.750
613,1024,1024,1.0000,27.068,36.944,1,0.750
614,1024,1024,1.0000,27.838,35.922,1,0.750
615,1024,1024,1.0000,27.797,35.975,1,0.750
616,1024,1024,1.0000,27.468,36.406,1,0.750
617,1024,1024,1.0000,27.771,36.009,1,0.750
618,1024,1024,1.0000,29.937,33.403,1,0.750
619,1024,1024,1.0000,33.672,29.698,1,0.750
620,1024,1024,1.0000,28.201,35.460,1,0.750
621,1024,1024,1.0000,27.134,36.854,1,0.750
622,1024,1024,1.0000,27.824,35.940,1,0.750
623,1024,1024,1.0000,27.689,36.115,1,0.750
624,1024,1024,1.0000,27.888,35.858,1,0.750
625,1024,1024,1.0000,27.767,36.014,1,0.750
626,1024,1024,1.0000,27.357,36.554,1,0.750
627,1024,1024,1.0000,27.402,36.494,1,0.750
628,1024,1024,1.0000,27.756,36.028,1,0.750
629,1024,1024,1.0000,27.873,35.877,1,0.750
630,1024,1024,1.0000,28.484,35.107,1,0.750
631,1024,1024,1.0000,28.095,35.594,1,0.750
632,1024,1024,1.0000,27.974,35.747,1,0.750
633,1024,1024,1.0000,27.188,36.781,1,0.750
634,1024,1024,1.0000,27.673,36.136,1,0.750
635,1024,1024,1.0000,27.877,35.872,1,0.750
636,1024,1024,1.0000,27.928,35.806,1,0.750
637,1024,1024,1.0000,27.828,35.935,1,0.750
638,1024,1024,1.0000,27.544,36.306,1,0.750
639,1024,1024,1.0000,27.225,36.731,1,0.750
640,1024,1024,1.0000,28.003,35.710,1,0.750
641,1024,1024,1.0000,27.733,36.058,1,0.750
642,1024,1024,1.0000,27.788,35.987,1,0.750
643,1024,1024,1.0000,28.618,34.943,1,0.750
644,1024,1024,1.0000,27.485,36.383,1,0.750
645,1024,1024,1.0000,27.896,35.847,1,0.750
646,1024,1024,1.0000,27.985,35.733,1,0.750
647,1024,1024,1.0000,27.740,36.049,1,0.750
648,1024,1024,1.0000,28.010,35.702,1,0.750
649,1024,1024,1.0000,27.796,35.976,1,0.750
650,1024,1024,1.0000,28.744,34.790,1,0.750
651,1024,1024,1.0000,27.527,36.328,1,0.750
652,1024,1024,1.0000,27.105,36.894,1,0.750
653,1024,1024,1.0000,28.066,35.630,1,0.750
654,1024,1024,1.0000,28.679,34.869,1,0.750
655,1024,1024,1.0000,27.861,35.892,1,0.750
656,1024,1024,1.0000,28.675,34.874,1,0.750
657,1024,1024,1.0000,27.684,36.122,1,0.750
658,1024,1024,1.0000,27.347,36.567,1,0.750
659,1024,1024,1.0000,27.923,35.813,1,0.750
660,1024,1024,1.0000,27.916,35.822,1,0.750
661,1024,1024,1.0000,27.690,36.114,1,0.750
662,1024,1024,1.0000,27.980,35.740,1,0.750
663,1024,1024,1.0000,28.245,35.404,1,0.750
664,1024,1024,1.0000,28.263,35.382,1,0.750
665,1024,1024,1.0000,27.499,36.365,1,0.750
666,1024,1024,1.0000,27.821,35.944,1,0.750
667,1024,1024,1.0000,27.838,35.922,1,0.750
668,1024,1024,1.0000,27.790,35.984,1,0.750
669,1024,1024,1.0000,27.685,36.121,1,0.750
670,1024,1024,1.0000,28.602,34.963,1,0.750
671,1024,1024,1.0000,27.825,35.939,1,0.750
672,1024,1024,1.0000,28.054,35.646,1,0.750
673,1024,1024,1.0000,27.892,35.853,1,0.750
674,1024,1024,1.0000,27.781,35.996,1,0.750
675,1024,1024,1.0000,28.570,35.002,1,0.750
676,1024,1024,1.0000,29.095,34.370,1,0.750
677,1024,1024,1.0000,27.206,36.757,1,0.750
678,1024,1024,1.0000,28.252,35.396,1,0.750
679,1024,1024,1.0000,28.048,35.653,1,0.750
680,1024,1024,1.0000,27.945,35.785,1,0.750
681,1024,1024,1.0000,27.981,35.739,1,0.750
682,1024,1024,1.0000,28.005,35.708,1,0.750
683,1024,1024,1.0000,27.736,36.054,1,0.750
684,1024,1024,1.0000,27.386,36.515,1,0.750
685,1024,1024,1.0000,27.952,35.776,1,0.750
686,1024,1024,1.0000,28.650,34.904,1,0.750
687,1024,1024,1.0000,29.424,33.986,1,0.750
688,1024,1024,1.0000,28.556,35.019,1,0.750
689,1024,1024,1.0000,27.686,36.119,1,0.750
690,1024,1024,1.0000,27.220,36.738,1,0.750
691,1024,1024,1.0000,27.678,36.130,1,0.750
692,1024,1024,1.0000,28.332,35.296,1,0.750
693,1024,1024,1.0000,33.187,30.132,1,0.750
694,1024,1024,1.0000,30.565,32.717,1,0.750
695,1024,1024,1.0000,28.621,34.939,1,0.750
696,1024,1024,1.0000,28.006,35.707,1,0.750
697,1024,1024,1.0000,28.524,35.058,1,0.750
698,1024,1024,1.0000,28.050,35.651,1,0.750
699,1024,1024,1.0000,27.948,35.781,1,0.750
700,1024,1024,1.0000,27.922,35.814,1,0.750
701,1024,1024,1.0000,28.161,35.510,1,0.750
702,1024,1024,1.0000,27.844,35.914,1,0.750
703,1024,1024,1.0000,27.838,35.922,1,0.750
704,1024,1024,1.0000,27.688,36.117,1,0.750
705,1024,1024,1.0000,27.407,36.487,1,0.750
706,1024,1024,1.0000,27.889,35.856,1,0.750
707,1024,1024,1.0000,27.955,35.772,1,0.750
708,1024,1024,1.0000,27.983,35.736,1,0.750
709,1024,1024,1.0000,27.883,35.864,1,0.750
710,1024,1024,1.0000,28.126,35.554,1,0.750
711,1024,1024,1.0000,27.592,36.242,1,0.750
712,1024,1024,1.0000,27.906,35.835,1,0.750
713,1024,1024,1.0000,27.927,35.808,1,0.750
714,1024,1024,1.0000,27.887,35.859,1,0.750
715,1024,1024,1.0000,27.857,35.898,1,0.750
716,1024,1024,1.0000,27.592,36.242,1,0.750
717,1024,1024,1.0000,27.622,36.203,1,0.750
718,1024,1024,1.0000,29.245,34.194,1,0.750
719,1024,1024,1.0000,27.947,35.782,1,0.750
720,1024,1024,1.0000,27.928,35.806,1,0.750
721,1024,1024,1.0000,28.336,35.291,1,0.750
722,1024,1024,1.0000,27.827,35.936,1,0.750
723,1024,1024,1.0000,27.745,36.043,1,0.750
724,1024,1024,1.0000,27.467,36.407,1,0.750
725,1024,1024,1.0000,28.359,35.262,1,0.750
726,1024,1024,1.0000,28.099,35.588,1,0.750
727,1024,1024,1.0000,28.957,34.534,1,0.750
728,1024,1024,1.0000,28.744,34.790,1,0.750
729,1024,1024,1.0000,27.680,36.127,1,0.750
730,1024,1024,1.0000,28.006,35.707,1,0.750
731,1024,1024,1.0000,28.361,35.260,1,0.750
732,1024,1024,1.0000,28.187,35.477,1,0.750
733,1024,1024,1.0000,28.533,35.047,1,0.750
734,1024,1024,1.0000,27.979,35.741,1,0.750
735,1024,1024,1.0000,27.872,35.878,1,0.750
736,1024,1024,1.0000,27.866,35.886,1,0.750
737,1024,1024,1.0000,27.860,35.894,1,0.750
738,1024,1024,1.0000,27.900,35.842,1,0.750
739,1024,1024,1.0000,27.688,36.117,1,0.750
740,1024,1024,1.0000,27.741,36.048,1,0.750
741,1024,1024,1.0000,28.056,35.643,1,0.750
742,1024,1024,1.0000,27.811,35.957,1,0.750
743,1024,1024,1.0000,27.920,35.817,1,0.750
744,1024,1024,1.0000,28.109,35.576,1,0.750
745,1024,1024,1.0000,27.989,35.728,1,0.750
746,1024,1024,1.0000,27.824,35.940,1,0.750
747,1024,1024,1.0000,27.857,35.898,1,0.750
748,1024,1024,1.0000,27.591,36.244,1,0.750
749,1024,1024,1.0000,27.722,36.072,1,0.750
750,1024,1024,1.0000,27.617,36.210,1,0.750
751,1024,1024,1.0000,27.889,35.856,1,0.750
752,1024,1024,1.0000,28.057,35.642,1,0.750
753,1024,1024,1.0000,27.847,35.911,1,0.750
754,1024,1024,1.0000,28.439,35.163,1,0.750
755,1024,1024,1.0000,28.413,35.195,1,0.750
756,1024,1024,1.0000,27.513,36.346,1,0.750
757,1024,1024,1.0000,27.985,35.733,1,0.750
758,1024,1024,1.0000,28.030,35.676,1,0.750
759,1024,1024,1.0000,27.772,36.007,1,0.750
760,1024,1024,1.0000,28.647,34.908,1,0.750
761,1024,1024,1.0000,27.724,36.070,1,0.750
762,1024,1024,1.0000,27.853,35.903,1,0.750
763,1024,1024,1.0000,28.261,35.384,1,0.750
764,1024,1024,1.0000,27.871,35.880,1,0.750
765,1024,1024,1.0000,27.649,36.168,1,0.750
766,1024,1024,1.0000,28.630,34.928,1,0.750
767,1024,1024,1.0000,35.297,28.331,1,0.750
768,1024,1024,1.0000,29.542,33.850,1,0.750
769,1024,1024,1.0000,28.575,34.996,1,0.750
770,1024,1024,1.0000,27.334,36.584,1,0.750
771,1024,1024,1.0000,27.969,35.754,1,0.750
772,1024,1024,1.0000,27.941,35.790,1,0.750
773,1024,1024,1.0000,28.077,35.616,1,0.750
774,1024,1024,1.0000,27.781,35.996,1,0.750
775,1024,1024,1.0000,27.695,36.108,1,0.750
776,1024,1024,1.0000,28.043,35.660,1,0.750
777,1024,1024,1.0000,27.286,36.649,1,0.750
778,1024,1024,1.0000,28.718,34.821,1,0.750
779,1024,1024,1.0000,28.596,34.970,1,0.750
780,1024,1024,1.0000,28.079,35.614,1,0.750
781,1024,1024,1.0000,27.995,35.721,1,0.750
782,1024,1024,1.0000,28.278,35.363,1,0.750
783,1024,1024,1.0000,27.209,36.753,1,0.750
784,1024,1024,1.0000,27.997,35.718,1,0.750
785,1024,1024,1.0000,27.951,35.777,1,0.750
786,1024,1024,1.0000,27.929,35.805,1,0.750
787,1024,1024,1.0000,28.428,35.177,1,0.750
788,1024,1024,1.0000,27.660,36.153,1,0.750
789,1024,1024,1.0000,27.655,36.160,1,0.750
790,1024,1024,1.0000,27.487,36.381,1,0.750
791,1024,1024,1.0000,27.967,35.756,1,0.750
792,1024,1024,1.0000,28.091,35.599,1,0.750
793,1024,1024,1.0000,27.857,35.898,1,0.750
794,1024,1024,1.0000,28.063,35.634,1,0.750
795,1024,1024,1.0000,27.894,35.850,1,0.750
796,1024,1024,1.0000,27.277,36.661,1,0.750
797,1024,1024,1.0000,27.963,35.762,1,0.750
798,1024,1024,1.0000,27.918,35.819,1,0.750
799,1024,1024,1.0000,27.940,35.791,1,0.750
800,1024,1024,1.0000,27.582,36.256,1,0.750
801,1024,1024,1.0000,29.231,34.210,1,0.750
802,1024,1024,1.0000,27.784,35.992,1,0.750
803,1024,1024,1.0000,28.641,34.915,1,0.750
804,1024,1024,1.0000,28.420,35.186,1,0.750
805,1024,1024,1.0000,27.818,35.948,1,0.750
806,1024,1024,1.0000,27.726,36.067,1,0.750
807,1024,1024,1.0000,28.849,34.663,1,0.750
808,1024,1024,1.0000,27.664,36.148,1,0.750
809,1024,1024,1.0000,27.686,36.119,1,0.750
810,1024,1024,1.0000,28.580,34.990,1,0.750
811,1024,1024,1.0000,27.982,35.737,1,0.750
812,1024,1024,1.0000,27.778,36.000,1,0.750
813,1024,1024,1.0000,28.278,35.363,1,0.750
814,1024,1024,1.0000,27.659,36.155,1,0.750
815,1024,1024,1.0000,27.262,36.681,1,0.750
816,1024,1024,1.0000,27.946,35.783,1,0.750
817,1024,1024,1.0000,27.797,35.975,1,0.750
818,1024,1024,1.0000,27.810,35.958,1,0.750
819,1024,1024,1.0000,27.716,36.080,1,0.750
820,1024,1024,1.0000,28.267,35.377,1,0.750
821,1024,1024,1.0000,27.117,36.877,1,0.750
822,1024,1024,1.0000,28.164,35.506,1,0.750
823,1024,1024,1.0000,27.954,35.773,1,0.750
824,1024,1024,1.0000,27.837,35.923,1,0.750
825,1024,1024,1.0000,27.801,35.970,1,0.750
826,1024,1024,1.0000,27.943,35.787,1,0.750
827,1024,1024,1.0000,27.606,36.224,1,0.750
828,1024,1024,1.0000,27.762,36.020,1,0.750
829,1024,1024,1.0000,27.807,35.962,1,0.750
830,1024,1024,1.0000,27.910,35.829,1,0.750
831,1024,1024,1.0000,27.868,35.883,1,0.750
832,1024,1024,1.0000,28.100,35.587,1,0.750
833,1024,1024,1.0000,27.626,36.198,1,0.750
834,1024,1024,1.0000,27.229,36.726,1,0.750
835,1024,1024,1.0000,27.925,35.810,1,0.750
836,1024,1024,1.0000,27.847,35.911,1,0.750
837,1024,1024,1.0000,27.870,35.881,1,0.750
838,1024,1024,1.0000,27.748,36.039,1,0.750
839,1024,1024,1.0000,28.534,35.046,1,0.750
840,1024,1024,1.0000,28.701,34.842,1,0.750
841,1024,1024,1.0000,31.446,31.801,1,0.750
842,1024,1024,1.0000,32.395,30.869,1,0.750
843,1024,1024,1.0000,28.276,35.366,1,0.750
844,1024,1024,1.0000,27.977,35.744,1,0.750
845,1024,1024,1.0000,27.973,35.749,1,0.750
846,1024,1024,1.0000,27.897,35.846,1,0.750
847,1024,1024,1.0000,27.578,36.261,1,0.750
848,1024,1024,1.0000,27.849,35.908,1,0.750
849,1024,1024,1.0000,28.726,34.812,1,0.750
850,1024,1024,1.0000,27.968,35.755,1,0.750
851,1024,1024,1.0000,27.924,35.811,1,0.750
852,1024,1024,1.0000,28.504,35.083,1,0.750
853,1024,1024,1.0000,28.793,34.731,1,0.750
854,1024,1024,1.0000,27.507,36.354,1,0.750
855,1024,1024,1.0000,28.397,35.215,1,0.750
856,1024,1024,1.0000,27.886,35.860,1,0.750
857,1024,1024,1.0000,27.878,35.871,1,0.750
858,1024,1024,1.0000,27.812,35.956,1,0.750
859,1024,1024,1.0000,27.900,35.842,1,0.750
860,1024,1024,1.0000,27.803,35.967,1,0.750
861,1024,1024,1.0000,27.776,36.002,1,0.750
862,1024,1024,1.0000,28.133,35.545,1,0.750
863,1024,1024,1.0000,27.824,35.940,1,0.750
864,1024,1024,1.0000,27.526,36.329,1,0.750
865,1024,1024,1.0000,27.671,36.139,1,0.750
866,1024,1024,1.0000,28.487,35.104,1,0.750
867,1024,1024,1.0000,27.803,35.967,1,0.750
868,1024,1024,1.0000,27.739,36.050,1,0.750
869,1024,1024,1.0000,27.142,36.843,1,0.750
870,1024,1024,1.0000,27.622,36.203,1,0.750
871,1024,1024,1.0000,28.453,35.146,1,0.750
872,1024,1024,1.0000,28.061,35.637,1,0.750
873,1024,1024,1.0000,28.184,35.481,1,0.750
874,1024,1024,1.0000,27.751,36.035,1,0.750
875,1024,1024,1.0000,28.008,35.704,1,0.750
876,1024,1024,1.0000,27.472,36.401,1,0.750
877,1024,1024,1.0000,27.281,36.656,1,0.750
878,1024,1024,1.0000,28.217,35.440,1,0.750
879,1024,1024,1.0000,28.737,34.798,1,0.750
880,1024,1024,1.0000,28.036,35.668,1,0.750
881,1024,1024,1.0000,29.201,34.245,1,0.750
882,1024,1024,1.0000,27.794,35.979,1,0.750
883,1024,1024,1.0000,27.129,36.861,1,0.750
884,1024,1024,1.0000,27.896,35.847,1,0.750
885,1024,1024,1.0000,28.096,35.592,1,0.750
886,1024,1024,1.0000,27.906,35.835,1,0.750
887,1024,1024,1.0000,27.860,35.894,1,0.750
888,1024,1024,1.0000,27.830,35.932,1,0.750
889,1024,1024,1.0000,27.642,36.177,1,0.750
890,1024,1024,1.0000,27.804,35.966,1,0.750
891,1024,1024,1.0000,28.281,35.359,1,0.750
892,1024,1024,1.0000,27.866,35.886,1,0.750
893,1024,1024,1.0000,27.907,35.833,1,0.750
894,1024,1024,1.0000,27.869,35.882,1,0.750
895,1024,1024,1.0000,27.661,36.152,1,0.750
896,1024,1024,1.0000,27.210,36.751,1,0.750
897,1024,1024,1.0000,27.886,35.860,1,0.750
898,1024,1024,1.0000,28.694,34.850,1,0.750
899,1024,1024,1.0000,28.064,35.633,1,0.750
900,1024,1024,1.0000,27.927,35.808,1,0.750
901,1024,1024,1.0000,27.626,36.198,1,0.750
902,1024,1024,1.0000,27.860,35.894,1,0.750
903,1024,1024,1.0000,28.452,35.147,1,0.750
904,1024,1024,1.0000,28.046,35.656,1,0.750
905,1024,1024,1.0000,28.602,34.963,1,0.750
906,1024,1024,1.0000,27.878,35.871,1,0.750
907,1024,1024,1.0000,27.751,36.035,1,0.750
908,1024,1024,1.0000,27.729,36.063,1,0.750
909,1024,1024,1.0000,27.187,36.782,1,0.750
910,1024,1024,1.0000,27.754,36.031,1,0.750
911,1024,1024,1.0000,27.975,35.746,1,0.750
912,1024,1024,1.0000,27.850,35.907,1,0.750
913,1024,1024,1.0000,27.400,36.496,1,0.750
914,1024,1024,1.0000,30.002,33.331,1,0.750
915,1024,1024,1.0000,28.581,34.988,1,0.750
916,1024,1024,1.0000,27.803,35.967,1,0.750
917,1024,1024,1.0000,28.708,34.833,1,0.750
918,1024,1024,1.0000,28.036,35.668,1,0.750
919,1024,1024,1.0000,28.791,34.733,1,0.750
920,1024,1024,1.0000,29.522,33.873,1,0.750
921,1024,1024,1.0000,35.805,27.929,1,0.750
922,1024,1024,1.0000,27.879,35.869,1,0.750
923,1024,1024,1.0000,27.797,35.975,1,0.750
924,1024,1024,1.0000,28.082,35.610,1,0.750
925,1024,1024,1.0000,27.618,36.208,1,0.750
926,1024,1024,1.0000,28.053,35.647,1,0.750
927,1024,1024,1.0000,27.707,36.092,1,0.750
928,1024,1024,1.0000,28.327,35.302,1,0.750
929,1024,1024,1.0000,27.667,36.144,1,0.750
930,1024,1024,1.0000,27.737,36.053,1,0.750
931,1024,1024,1.0000,27.695,36.108,1,0.750
932,1024,1024,1.0000,28.223,35.432,1,0.750
933,1024,1024,1.0000,27.953,35.774,1,0.750
934,1024,1024,1.0000,28.379,35.237,1,0.750
935,1024,1024,1.0000,27.232,36.722,1,0.750
936,1024,1024,1.0000,28.326,35.303,1,0.750
937,1024,1024,1.0000,27.551,36.296,1,0.750
938,1024,1024,1.0000,27.435,36.450,1,0.750
939,1024,1024,1.0000,27.857,35.898,1,0.750
940,1024,1024,1.0000,28.566,35.007,1,0.750
941,1024,1024,1.0000,27.581,36.257,1,0.750
942,1024,1024,1.0000,27.669,36.142,1,0.750
943,1024,1024,1.0000,27.878,35.871,1,0.750
944,1024,1024,1.0000,27.522,36.335,1,0.750
945,1024,1024,1.0000,28.110,35.575,1,0.750
946,1024,1024,1.0000,27.525,36.331,1,0.750
947,1024,1024,1.0000,28.888,34.616,1,0.750
948,1024,1024,1.0000,27.871,35.880,1,0.750
949,1024,1024,1.0000,27.241,36.709,1,0.750
950,1024,1024,1.0000,28.608,34.955,1,0.750
951,1024,1024,1.0000,27.679,36.128,1,0.750
952,1024,1024,1.0000,28.206,35.453,1,0.750
953,1024,1024,1.0000,28.445,35.156,1,0.750
954,1024,1024,1.0000,27.699,36.102,1,0.750
955,1024,1024,1.0000,27.792,35.982,1,0.750
956,1024,1024,1.0000,28.093,35.596,1,0.750
957,1024,1024,1.0000,27.962,35.763,1,0.750
958,1024,1024,1.0000,28.770,34.758,1,0.750
959,1024,1024,1.0000,28.143,35.533,1,0.750
960,1024,1024,1.0000,28.018,35.691,1,0.750
961,1024,1024,1.0000,27.891,35.854,1,0.750
962,1024,1024,1.0000,27.185,36.785,1,0.750
963,1024,1024,1.0000,27.665,36.147,1,0.750
964,1024,1024,1.0000,27.964,35.760,1,0.750
965,1024,1024,1.0000,27.892,35.853,1,0.750
966,1024,1024,1.0000,28.034,35.671,1,0.750
967,1024,1024,1.0000,27.696,36.106,1,0.750
968,1024,1024,1.0000,27.298,36.633,1,0.750
969,1024,1024,1.0000,28.148,35.527,1,0.750
970,1024,1024,1.0000,28.011,35.700,1,0.750
971,1024,1024,1.0000,27.797,35.975,1,0.750
972,1024,1024,1.0000,27.767,36.014,1,0.750
973,1024,1024,1.0000,27.673,36.136,1,0.750
974,1024,1024,1.0000,27.858,35.896,1,0.750
975,1024,1024,1.0000,27.942,35.788,1,0.750
976,1024,1024,1.0000,30.803,32.464,1,0.750
977,1024,1024,1.0000,27.860,35.894,1,0.750
978,1024,1024,1.0000,27.971,35.751,1,0.750
979,1024,1024,1.0000,27.858,35.896,1,0.750
980,1024,1024,1.0000,28.016,35.694,1,0.750
981,1024,1024,1.0000,27.016,37.015,1,0.750
982,1024,1024,1.0000,27.796,35.976,1,0.750
983,1024,1024,1.0000,28.663,34.888,1,0.750
984,1024,1024,1.0000,28.018,35.691,1,0.750
985,1024,1024,1.0000,27.907,35.833,1,0.750
986,1024,1024,1.0000,27.667,36.144,1,0.750
987,1024,1024,1.0000,27.524,36.332,1,0.750
988,1024,1024,1.0000,28.341,35.285,1,0.750
989,1024,1024,1.0000,31.623,31.623,1,0.750
990,1024,1024,1.0000,30.316,32.986,1,0.750
991,1024,1024,1.0000,28.732,34.804,1,0.750
992,1024,1024,1.0000,28.559,35.015,1,0.750
993,1024,1024,1.0000,27.872,35.878,1,0.750
994,1024,1024,1.0000,31.105,32.149,1,0.750
995,1024,1024,1.0000,27.212,36.748,1,0.750
996,1024,1024,1.0000,28.405,35.205,1,0.750
997,1024,1024,1.0000,28.057,35.642,1,0.750
998,1024,1024,1.0000,27.806,35.963,1,0.750
999,1024,1024,1.0000,27.633,36.189,1,0.750
1000,1024,1024,1.0000,27.884,35.863,1,0.750
1001,1024,1024,1.0000,27.875,35.874,1,0.750
1002,1024,1024,1.0000,28.183,35.482,1,0.750
1003,1024,1024,1.0000,28.579,34.991,1,0.750
1004,1024,1024,1.0000,27.800,35.971,1,0.750
1005,1024,1024,1.0000,27.767,36.014,1,0.750
1006,1024,1024,1.0000,27.906,35.835,1,0.750
1007,1024,1024,1.0000,27.545,36.304,1,0.750
1008,1024,1024,1.0000,27.948,35.781,1,0.750
1009,1024,1024,1.0000,27.774,36.005,1,0.750
1010,1024,1024,1.0000,28.581,34.988,1,0.750
1011,1024,1024,1.0000,28.189,35.475,1,0.750
1012,1024,1024,1.0000,28.034,35.671,1,0.750
1013,1024,1024,1.0000,28.350,35.273,1,0.750
1014,1024,1024,1.0000,27.964,35.760,1,0.750
1015,1024,1024,1.0000,27.240,36.711,1,0.750
1016,1024,1024,1.0000,28.080,35.613,1,0.750
1017,1024,1024,1.0000,28.066,35.630,1,0.750
1018,1024,1024,1.0000,27.697,36.105,1,0.750
1019,1024,1024,1.0000,27.761,36.022,1,0.750
1020,1024,1024,1.0000,27.640,36.179,1,0.750
1021,1024,1024,1.0000,27.173,36.801,1,0.750
1022,1024,1024,1.0000,27.779,35.998,1,0.750
1023,1024,1024,1.0000,28.172,35.496,1,0.750
1024,1024,1024,1.0000,27.800,35.971,1,0.750
1025,1024,1024,1.0000,27.867,35.885,1,0.750
1026,1024,1024,1.0000,27.592,36.242,1,0.750
1027,1024,1024,1.0000,29.938,33.402,1,0.750
1028,1024,1024,1.0000,28.005,35.708,1,0.750
1029,1024,1024,1.0000,28.058,35.640,1,0.750
1030,1024,1024,1.0000,29.035,34.441,1,0.750
1031,1024,1024,1.0000,27.758,36.026,1,0.750
1032,1024,1024,1.0000,27.836,35.925,1,0.750
1033,1024,1024,1.0000,27.609,36.220,1,0.750
1034,1024,1024,1.0000,27.259,36.685,1,0.750
1035,1024,1024,1.0000,27.859,35.895,1,0.750
1036,1024,1024,1.0000,28.084,35.607,1,0.750
1037,1024,1024,1.0000,27.831,35.931,1,0.750
1038,1024,1024,1.0000,27.919,35.818,1,0.750
1039,1024,1024,1.0000,27.742,36.046,1,0.750
1040,1024,1024,1.0000,27.632,36.190,1,0.750
1041,1024,1024,1.0000,27.852,35.904,1,0.750
1042,1024,1024,1.0000,27.842,35.917,1,0.750
1043,1024,1024,1.0000,28.580,34.990,1,0.750
1044,1024,1024,1.0000,27.961,35.764,1,0.750
1045,1024,1024,1.0000,27.549,36.299,1,0.750
1046,1024,1024,1.0000,27.912,35.827,1,0.750
1047,1024,1024,1.0000,27.937,35.795,1,0.750
1048,1024,1024,1.0000,28.024,35.684,1,0.750
1049,1024,1024,1.0000,27.852,35.904,1,0.750
1050,1024,1024,1.0000,27.942,35.788,1,0.750
1051,1024,1024,1.0000,28.783,34.743,1,0.750
1052,1024,1024,1.0000,27.871,35.880,1,0.750
1053,1024,1024,1.0000,27.032,36.993,1,0.750
1054,1024,1024,1.0000,27.737,36.053,1,0.750
1055,1024,1024,1.0000,28.527,35.055,1,0.750
1056,1024,1024,1.0000,27.726,36.067,1,0.750
1057,1024,1024,1.0000,28.721,34.818,1,0.750
1058,1024,1024,1.0000,27.741,36.048,1,0.750
1059,1024,1024,1.0000,27.777,36.001,1,0.750
1060,1024,1024,1.0000,27.844,35.914,1,0.750
1061,1024,1024,1.0000,33.895,29.503,1,0.750
1062,1024,1024,1.0000,32.575,30.698,1,0.750
1063,1024,1024,1.0000,29.901,33.444,1,0.750
1064,1024,1024,1.0000,28.524,35.058,1,0.750
1065,1024,1024,1.0000,27.928,35.806,1,0.750
1066,1024,1024,1.0000,27.939,35.792,1,0.750
1067,1024,1024,1.0000,27.668,36.143,1,0.750
1068,1024,1024,1.0000,27.968,35.755,1,0.750
1069,1024,1024,1.0000,28.565,35.008,1,0.750
1070,1024,1024,1.0000,27.685,36.121,1,0.750
1071,1024,1024,1.0000,27.664,36.148,1,0.750
1072,1024,1024,1.0000,29.467,33.936,1,0.750
1073,1024,1024,1.0000,27.631,36.191,1,0.750
1074,1024,1024,1.0000,27.258,36.686,1,0.750
1075,1024,1024,1.0000,27.872,35.878,1,0.750
1076,1024,1024,1.0000,28.714,34.826,1,0.750
1077,1024,1024,1.0000,27.798,35.974,1,0.750
1078,1024,1024,1.0000,27.863,35.890,1,0.750
1079,1024,1024,1.0000,28.095,35.594,1,0.750
1080,1024,1024,1.0000,27.643,36.176,1,0.750
1081,1024,1024,1.0000,27.756,36.028,1,0.750
1082,1024,1024,1.0000,27.779,35.998,1,0.750
1083,1024,1024,1.0000,27.881,35.867,1,0.750
1084,1024,1024,1.0000,27.725,36.069,1,0.750
1085,1024,1024,1.0000,27.951,35.777,1,0.750
1086,1024,1024,1.0000,27.706,36.093,1,0.750
1087,1024,1024,1.0000,27.228,36.727,1,0.750
1088,1024,1024,1.0000,28.494,35.095,1,0.750
1089,1024,1024,1.0000,27.769,36.011,1,0.750
1090,1024,1024,1.0000,28.971,34.517,1,0.750
1091,1024,1024,1.0000,27.881,35.867,1,0.750
1092,1024,1024,1.0000,27.808,35.961,1,0.750
1093,1024,1024,1.0000,27.355,36.556,1,0.750
1094,1024,1024,1.0000,27.887,35.859,1,0.750
1095,1024,1024,1.0000,27.850,35.907,1,0.750
1096,1024,1024,1.0000,27.834,35.927,1,0.750
1097,1024,1024,1.0000,27.817,35.949,1,0.750
1098,1024,1024,1.0000,27.599,36.233,1,0.750
1099,1024,1024,1.0000,27.144,36.841,1,0.750
1100,1024,1024,1.0000,28.208,35.451,1,0.750
1101,1024,1024,1.0000,33.554,29.803,1,0.750
1102,1024,1024,1.0000,27.664,36.148,1,0.750
1103,1024,1024,1.0000,27.916,35.822,1,0.750
1104,1024,1024,1.0000,27.678,36.130,1,0.750
1105,1024,1024,1.0000,27.530,36.324,1,0.750
1106,1024,1024,1.0000,27.084,36.922,1,0.750
1107,1024,1024,1.0000,28.067,35.629,1,0.750
1108,1024,1024,1.0000,27.850,35.907,1,0.750
1109,1024,1024,1.0000,27.954,35.773,1,0.750
1110,1024,1024,1.0000,27.882,35.865,1,0.750
1111,1024,1024,1.0000,27.745,36.043,1,0.750
1112,1024,1024,1.0000,28.123,35.558,1,0.750
1113,1024,1024,1.0000,27.135,36.853,1,0.750
1114,1024,1024,1.0000,27.747,36.040,1,0.750
1115,1024,1024,1.0000,27.772,36.007,1,0.750
1116,1024,1024,1.0000,27.889,35.856,1,0.750
1117,1024,1024,1.0000,27.927,35.808,1,0.750
1118,1024,1024,1.0000,27.817,35.949,1,0.750
1119,1024,1024,1.0000,27.184,36.786,1,0.750
1120,1024,1024,1.0000,28.026,35.681,1,0.750
1121,1024,1024,1.0000,27.954,35.773,1,0.750
1122,1024,1024,1.0000,27.962,35.763,1,0.750
1123,1024,1024,1.0000,28.315,35.317,1,0.750
1124,1024,1024,1.0000,27.504,36.358,1,0.750
1125,1024,1024,1.0000,27.832,35.930,1,0.750
1126,1024,1024,1.0000,27.960,35.765,1,0.750
1127,1024,1024,1.0000,27.861,35.892,1,0.750
1128,1024,1024,1.0000,28.532,35.048,1,0.750
1129,1024,1024,1.0000,28.546,35.031,1,0.750
1130,1024,1024,1.0000,27.529,36.325,1,0.750
1131,1024,1024,1.0000,27.111,36.885,1,0.750
1132,1024,1024,1.0000,28.306,35.328,1,0.750
1133,1024,1024,1.0000,28.044,35.658,1,0.750
1134,1024,1024,1.0000,27.994,35.722,1,0.750
1135,1024,1024,1.0000,28.271,35.372,1,0.750
1136,1024,1024,1.0000,35.668,28.036,1,0.750
1137,1024,1024,1.0000,29.864,33.485,1,0.750
1138,1024,1024,1.0000,28.039,35.665,1,0.750
1139,1024,1024,1.0000,27.823,35.941,1,0.750
1140,1024,1024,1.0000,27.289,36.645,1,0.750
1141,1024,1024,1.0000,27.935,35.797,1,0.750
1142,1024,1024,1.0000,28.096,35.592,1,0.750
1143,1024,1024,1.0000,27.737,36.053,1,0.750
1144,1024,1024,1.0000,28.019,35.690,1,0.750
1145,1024,1024,1.0000,28.999,34.484,1,0.750
1146,1024,1024,1.0000,27.651,36.165,1,0.750
1147,1024,1024,1.0000,28.083,35.609,1,0.750
1148,1024,1024,1.0000,28.140,35.537,1,0.750
1149,1024,1024,1.0000,28.660,34.892,1,0.750
1150,1024,1024,1.0000,28.663,34.888,1,0.750
1151,1024,1024,1.0000,28.676,34.872,1,0.750
1152,1024,1024,1.0000,27.830,35.932,1,0.750
1153,1024,1024,1.0000,27.427,36.460,1,0.750
1154,1024,1024,1.0000,28.024,35.684,1,0.750
1155,1024,1024,1.0000,28.223,35.432,1,0.750
1156,1024,1024,1.0000,28.041,35.662,1,0.750
1157,1024,1024,1.0000,28.078,35.615,1,0.750
1158,1024,1024,1.0000,27.679,36.128,1,0.750
1159,1024,1024,1.0000,27.878,35.871,1,0.750
1160,1024,1024,1.0000,28.641,34.915,1,0.750
1161,1024,1024,1.0000,28.075,35.619,1,0.750
1162,1024,1024,1.0000,27.915,35.823,1,0.750
1163,1024,1024,1.0000,27.891,35.854,1,0.750
1164,1024,1024,1.0000,27.724,36.070,1,0.750
1165,1024,1024,1.0000,27.243,36.707,1,0.750
1166,1024,1024,1.0000,27.987,35.731,1,0.750
1167,1024,1024,1.0000,27.985,35.733,1,0.750
1168,1024,1024,1.0000,29.002,34.480,1,0.750
1169,1024,1024,1.0000,27.812,35.956,1,0.750
1170,1024,1024,1.0000,28.032,35.674,1,0.750
1171,1024,1024,1.0000,27.708,36.091,1,0.750
1172,1024,1024,1.0000,27.628,36.195,1,0.750
1173,1024,1024,1.0000,28.391,35.222,1,0.750
1174,1024,1024,1.0000,27.887,35.859,1,0.750
1175,1024,1024,1.0000,28.680,34.868,1,0.750
1176,1024,1024,1.0000,27.531,36.323,1,0.750
1177,1024,1024,1.0000,27.195,36.771,1,0.750
1178,1024,1024,1.0000,28.005,35.708,1,0.750
1179,1024,1024,1.0000,28.793,34.731,1,0.750
1180,1024,1024,1.0000,27.917,35.820,1,0.750
1181,1024,1024,1.0000,27.881,35.867,1,0.750
1182,1024,1024,1.0000,28.046,35.656,1,0.750
1183,1024,1024,1.0000,27.845,35.913,1,0.750
1184,1024,1024,1.0000,27.736,36.054,1,0.750
1185,1024,1024,1.0000,27.251,36.696,1,0.750
1186,1024,1024,1.0000,27.942,35.788,1,0.750
1187,1024,1024,1.0000,28.073,35.621,1,0.750
1188,1024,1024,1.0000,28.049,35.652,1,0.750
1189,1024,1024,1.0000,28.160,35.511,1,0.750
1190,1024,1024,1.0000,27.709,36.089,1,0.750
1191,1024,1024,1.0000,27.653,36.162,1,0.750
1192,1024,1024,1.0000,27.922,35.814,1,0.750
1193,1024,1024,1.0000,27.903,35.838,1,0.750
1194,1024,1024,1.0000,27.958,35.768,1,0.750
1195,1024,1024,1.0000,28.552,35.024,1,0.750
1196,1024,1024,1.0000,27.633,36.189,1,0.750
1197,1024,1024,1.0000,27.667,36.144,1,0.750
1198,1024,1024,1.0000,28.032,35.674,1,0.750
1199,1024,1024,1.0000,27.914,35.824,1,0.750
1200,1024,1024,1.0000,28.196,35.466,1,0.750
1201,1024,1024,1.0000,27.922,35.814,1,0.750
1202,1024,1024,1.0000,27.569,36.273,1,0.750
1203,1024,1024,1.0000,27.690,36.114,1,0.750
1204,1024,1024,1.0000,27.892,35.853,1,0.750
1205,1024,1024,1.0000,28.033,35.672,1,0.750
1206,1024,1024,1.0000,27.969,35.754,1,0.750
1207,1024,1024,1.0000,27.914,35.824,1,0.750
1208,1024,1024,1.0000,27.571,36.270,1,0.750
1209,1024,1024,1.0000,28.047,35.654,1,0.750
1210,1024,1024,1.0000,33.707,29.667,1,0.750
1211,1024,1024,1.0000,27.602,36.229,1,0.750
1212,1024,1024,1.0000,28.612,34.950,1,0.750
1213,1024,1024,1.0000,27.965,35.759,1,0.750
1214,1024,1024,1.0000,28.030,35.676,1,0.750
1215,1024,1024,1.0000,28.102,35.585,1,0.750
1216,1024,1024,1.0000,27.690,36.114,1,0.750
1217,1024,1024,1.0000,27.781,35.996,1,0.750
1218,1024,1024,1.0000,28.332,35.296,1,0.750
1219,1024,1024,1.0000,27.875,35.874,1,0.750
1220,1024,1024,1.0000,28.627,34.932,1,0.750
1221,1024,1024,1.0000,28.048,35.653,1,0.750
1222,1024,1024,1.0000,29.157,34.297,1,0.750
1223,1024,1024,1.0000,27.651,36.165,1,0.750
1224,1024,1024,1.0000,27.790,35.984,1,0.750
1225,1024,1024,1.0000,27.896,35.847,1,0.750
1226,1024,1024,1.0000,27.915,35.823,1,0.750
1227,1024,1024,1.0000,27.987,35.731,1,0.750
1228,1024,1024,1.0000,28.664,34.887,1,0.750
1229,1024,1024,1.0000,27.796,35.976,1,0.750
1230,1024,1024,1.0000,27.254,36.692,1,0.750
1231,1024,1024,1.0000,28.311,35.322,1,0.750
1232,1024,1024,1.0000,28.001,35.713,1,0.750
1233,1024,1024,1.0000,28.102,35.585,1,0.750
1234,1024,1024,1.0000,28.065,35.632,1,0.750
1235,1024,1024,1.0000,27.752,36.033,1,0.750
1236,1024,1024,1.0000,27.779,35.998,1,0.750
1237,1024,1024,1.0000,27.412,36.480,1,0.750
1238,1024,1024,1.0000,27.938,35.794,1,0.750
1239,1024,1024,1.0000,27.961,35.764,1,0.750
1240,1024,1024,1.0000,27.957,35.769,1,0.750
1241,1024,1024,1.0000,27.885,35.862,1,0.750
1242,1024,1024,1.0000,27.653,36.162,1,0.750
1243,1024,1024,1.0000,27.418,36.472,1,0.750
1244,1024,1024,1.0000,27.921,35.815,1,0.750
1245,1024,1024,1.0000,28.781,34.745,1,0.750
1246,1024,1024,1.0000,27.736,36.054,1,0.750
1247,1024,1024,1.0000,28.888,34.616,1,0.750
1248,1024,1024,1.0000,27.693,36.110,1,0.750
1249,1024,1024,1.0000,27.271,36.669,1,0.750
1250,1024,1024,1.0000,28.349,35.275,1,0.750
1251,1024,1024,1.0000,27.738,36.052,1,0.750
1252,1024,1024,1.0000,27.503,36.360,1,0.750
1253,1024,1024,1.0000,28.533,35.047,1,0.750
1254,1024,1024,1.0000,28.081,35.611,1,0.750
1255,1024,1024,1.0000,28.332,35.296,1,0.750
1256,1024,1024,1.0000,27.352,36.560,1,0.750
1257,1024,1024,1.0000,27.840,35.920,1,0.750
1258,1024,1024,1.0000,27.859,35.895,1,0.750
1259,1024,1024,1.0000,31.011,32.247,1,0.750
1260,1024,1024,1.0000,27.892,35.853,1,0.750
1261,1024,1024,1.0000,27.563,36.281,1,0.750
1262,1024,1024,1.0000,27.595,36.238,1,0.750
1263,1024,1024,1.0000,27.553,36.294,1,0.750
1264,1024,1024,1.0000,28.156,35.516,1,0.750
1265,1024,1024,1.0000,28.103,35.583,1,0.750
1266,1024,1024,1.0000,27.897,35.846,1,0.750
1267,1024,1024,1.0000,28.096,35.592,1,0.750
1268,1024,1024,1.0000,27.645,36.173,1,0.750
1269,1024,1024,1.0000,27.204,36.759,1,0.750
1270,1024,1024,1.0000,27.748,36.039,1,0.750
1271,1024,1024,1.0000,28.080,35.613,1,0.750
1272,1024,1024,1.0000,28.085,35.606,1,0.750
1273,1024,1024,1.0000,27.902,35.840,1,0.750
1274,1024,1024,1.0000,27.631,36.191,1,0.750
1275,1024,1024,1.0000,27.894,35.850,1,0.750
1276,1024,1024,1.0000,28.024,35.684,1,0.750
1277,1024,1024,1.0000,28.558,35.016,1,0.750
1278,1024,1024,1.0000,28.386,35.229,1,0.750
1279,1024,1024,1.0000,28.058,35.640,1,0.750
1280,1024,1024,1.0000,27.858,35.896,1,0.750
1281,1024,1024,1.0000,27.268,36.673,1,0.750
1282,1024,1024,1.0000,27.850,35.907,1,0.750
1283,1024,1024,1.0000,28.353,35.270,1,0.750
1284,1024,1024,1.0000,29.839,33.513,1,0.750
1285,1024,1024,1.0000,28.716,34.824,1,0.750
1286,1024,1024,1.0000,28.065,35.632,1,0.750
1287,1024,1024,1.0000,27.604,36.227,1,0.750
1288,1024,1024,1.0000,28.229,35.425,1,0.750
1289,1024,1024,1.0000,28.441,35.161,1,0.750
1290,1024,1024,1.0000,28.254,35.393,1,0.750
1291,1024,1024,1.0000,27.977,35.744,1,0.750
1292,1024,1024,1.0000,28.631,34.927,1,0.750
1293,1024,1024,1.0000,27.935,35.797,1,0.750
1294,1024,1024,1.0000,27.573,36.267,1,0.750
1295,1024,1024,1.0000,27.254,36.692,1,0.750
1296,1024,1024,1.0000,27.926,35.809,1,0.750
1297,1024,1024,1.0000,27.876,35.873,1,0.750
1298,1024,1024,1.0000,27.859,35.895,1,0.750
1299,1024,1024,1.0000,27.929,35.805,1,0.750
1300,1024,1024,1.0000,28.208,35.451,1,0.750
1301,1024,1024,1.0000,27.796,35.976,1,0.750
1302,1024,1024,1.0000,27.964,35.760,1,0.750
1303,1024,1024,1.0000,28.029,35.677,1,0.750
1304,1024,1024,1.0000,27.817,35.949,1,0.750
1305,1024,1024,1.0000,27.930,35.804,1,0.750
1306,1024,1024,1.0000,28.237,35.415,1,0.750
1307,1024,1024,1.0000,27.098,36.903,1,0.750
1308,1024,1024,1.0000,28.438,35.164,1,0.750
1309,1024,1024,1.0000,29.068,34.402,1,0.750
1310,1024,1024,1.0000,28.281,35.359,1,0.750
1311,1024,1024,1.0000,28.051,35.649,1,0.750
1312,1024,1024,1.0000,28.093,35.596,1,0.750
1313,1024,1024,1.0000,27.797,35.975,1,0.750
1314,1024,1024,1.0000,28.102,35.585,1,0.750
1315,1024,1024,1.0000,28.131,35.548,1,0.750
1316,1024,1024,1.0000,27.999,35.716,1,0.750
1317,1024,1024,1.0000,27.825,35.939,1,0.750
1318,1024,1024,1.0000,27.880,35.868,1,0.750
1319,1024,1024,1.0000,27.639,36.181,1,0.750
1320,1024,1024,1.0000,27.192,36.776,1,0.750
1321,1024,1024,1.0000,29.452,33.954,1,0.750
1322,1024,1024,1.0000,28.062,35.635,1,0.750
1323,1024,1024,1.0000,27.903,35.838,1,0.750
1324,1024,1024,1.0000,31.060,32.196,1,0.750
1325,1024,1024,1.0000,27.752,36.033,1,0.750
1326,1024,1024,1.0000,27.770,36.010,1,0.750
1327,1024,1024,1.0000,27.224,36.732,1,0.750
1328,1024,1024,1.0000,27.732,36.059,1,0.750
1329,1024,1024,1.0000,28.046,35.656,1,0.750
1330,1024,1024,1.0000,28.000,35.714,1,0.750
1331,1024,1024,1.0000,27.831,35.931,1,0.750
1332,1024,1024,1.0000,27.630,36.193,1,0.750
1333,1024,1024,1.0000,27.523,36.333,1,0.750
1334,1024,1024,1.0000,28.016,35.694,1,0.750
1335,1024,1024,1.0000,27.798,35.974,1,0.750
1336,1024,1024,1.0000,28.165,35.505,1,0.750
1337,1024,1024,1.0000,27.907,35.833,1,0.750
1338,1024,1024,1.0000,27.770,36.010,1,0.750
1339,1024,1024,1.0000,27.801,35.970,1,0.750
1340,1024,1024,1.0000,27.517,36.341,1,0.750
1341,1024,1024,1.0000,27.803,35.967,1,0.750
1342,1024,1024,1.0000,27.752,36.033,1,0.750
1343,1024,1024,1.0000,27.580,36.258,1,0.750
1344,1024,1024,1.0000,28.889,34.615,1,0.750
1345,1024,1024,1.0000,27.683,36.123,1,0.750
1346,1024,1024,1.0000,27.837,35.923,1,0.750
1347,1024,1024,1.0000,27.893,35.851,1,0.750
1348,1024,1024,1.0000,27.951,35.777,1,0.750
1349,1024,1024,1.0000,28.025,35.682,1,0.750
1350,1024,1024,1.0000,28.627,34.932,1,0.750
1351,1024,1024,1.0000,28.755,34.777,1,0.750
1352,1024,1024,1.0000,27.830,35.932,1,0.750
1353,1024,1024,1.0000,27.283,36.653,1,0.750
1354,1024,1024,1.0000,28.448,35.152,1,0.750
1355,1024,1024,1.0000,27.984,35.735,1,0.750
1356,1024,1024,1.0000,28.297,35.339,1,0.750
1357,1024,1024,1.0000,28.356,35.266,1,0.750
1358,1024,1024,1.0000,33.919,29.482,1,0.750
1359,1024,1024,1.0000,27.977,35.744,1,0.750
1360,1024,1024,1.0000,27.963,35.762,1,0.750
1361,1024,1024,1.0000,28.512,35.073,1,0.750
1362,1024,1024,1.0000,27.976,35.745,1,0.750
1363,1024,1024,1.0000,28.418,35.189,1,0.750
1364,1024,1024,1.0000,27.988,35.730,1,0.750
1365,1024,1024,1.0000,27.751,36.035,1,0.750
1366,1024,1024,1.0000,28.599,34.966,1,0.750
1367,1024,1024,1.0000,27.392,36.507,1,0.750
1368,1024,1024,1.0000,28.712,34.829,1,0.750
1369,1024,1024,1.0000,28.597,34.969,1,0.750
1370,1024,1024,1.0000,28.090,35.600,1,0.750
1371,1024,1024,1.0000,28.079,35.614,1,0.750
1372,1024,1024,1.0000,28.286,35.353,1,0.750
1373,1024,1024,1.0000,27.820,35.945,1,0.750
1374,1024,1024,1.0000,27.401,36.495,1,0.750
1375,1024,1024,1.0000,27.766,36.015,1,0.750
1376,1024,1024,1.0000,28.044,35.658,1,0.750
1377,1024,1024,1.0000,28.838,34.676,1,0.750
1378,1024,1024,1.0000,27.761,36.022,1,0.750
1379,1024,1024,1.0000,27.649,36.168,1,0.750
1380,1024,1024,1.0000,27.157,36.823,1,0.750
1381,1024,1024,1.0000,28.039,35.665,1,0.750
1382,1024,1024,1.0000,28.101,35.586,1,0.750
1383,1024,1024,1.0000,28.759,34.772,1,0.750
1384,1024,1024,1.0000,27.964,35.760,1,0.750
1385,1024,1024,1.0000,27.726,36.067,1,0.750
1386,1024,1024,1.0000,27.533,36.320,1,0.750
1387,1024,1024,1.0000,28.759,34.772,1,0.750
1388,1024,1024,1.0000,28.224,35.431,1,0.750
1389,1024,1024,1.0000,27.943,35.787,1,0.750
1390,1024,1024,1.0000,28.054,35.646,1,0.750
1391,1024,1024,1.0000,28.033,35.672,1,0.750
1392,1024,1024,1.0000,27.947,35.782,1,0.750
1393,1024,1024,1.0000,27.431,36.455,1,0.750
1394,1024,1024,1.0000,27.976,35.745,1,0.750
1395,1024,1024,1.0000,28.385,35.230,1,0.750
1396,1024,1024,1.0000,27.890,35.855,1,0.750
1397,1024,1024,1.0000,27.885,35.862,1,0.750
1398,1024,1024,1.0000,27.707,36.092,1,0.750
1399,1024,1024,1.0000,28.030,35.676,1,0.750
1400,1024,1024,1.0000,27.897,35.846,1,0.750
1401,1024,1024,1.0000,37.798,26.456,1,0.750
1402,1024,1024,1.0000,27.895,35.849,1,0.750
1403,1024,1024,1.0000,27.834,35.927,1,0.750
1404,1024,1024,1.0000,27.757,36.027,1,0.750
1405,1024,1024,1.0000,27.981,35.739,1,0.750
1406,1024,1024,1.0000,28.449,35.151,1,0.750
1407,1024,1024,1.0000,27.323,36.599,1,0.750
1408,1024,1024,1.0000,27.908,35.832,1,0.750
1409,1024,1024,1.0000,28.051,35.649,1,0.750
1410,1024,1024,1.0000,28.664,34.887,1,0.750
1411,1024,1024,1.0000,27.930,35.804,1,0.750
1412,1024,1024,1.0000,27.391,36.508,1,0.750
1413,1024,1024,1.0000,27.622,36.203,1,0.750
1414,1024,1024,1.0000,27.317,36.607,1,0.750
1415,1024,1024,1.0000,27.981,35.739,1,0.750
1416,1024,1024,1.0000,27.840,35.920,1,0.750
1417,1024,1024,1.0000,27.736,36.054,1,0.750
1418,1024,1024,1.0000,28.297,35.339,1,0.750
1419,1024,1024,1.0000,27.749,36.037,1,0.750
1420,1024,1024,1.0000,27.902,35.840,1,0.750
1421,1024,1024,1.0000,27.887,35.859,1,0.750
1422,1024,1024,1.0000,27.911,35.828,1,0.750
1423,1024,1024,1.0000,27.934,35.799,1,0.750
1424,1024,1024,1.0000,27.945,35.785,1,0.750
1425,1024,1024,1.0000,27.631,36.191,1,0.750
1426,1024,1024,1.0000,28.547,35.030,1,0.750
1427,1024,1024,1.0000,28.124,35.557,1,0.750
1428,1024,1024,1.0000,27.859,35.895,1,0.750
1429,1024,1024,1.0000,27.697,36.105,1,0.750
1430,1024,1024,1.0000,28.455,35.143,1,0.750
1431,1024,1024,1.0000,35.606,28.085,1,0.750
1432,1024,1024,1.0000,34.521,28.968,1,0.750
1433,1024,1024,1.0000,29.468,33.935,1,0.750
1434,1024,1024,1.0000,28.430,35.174,1,0.750
1435,1024,1024,1.0000,27.889,35.856,1,0.750
1436,1024,1024,1.0000,27.842,35.917,1,0.750
1437,1024,1024,1.0000,28.104,35.582,1,0.750
1438,1024,1024,1.0000,28.089,35.601,1,0.750
1439,1024,1024,1.0000,28.110,35.575,1,0.750
1440,1024,1024,1.0000,27.824,35.940,1,0.750
1441,1024,1024,1.0000,27.561,36.283,1,0.750
1442,1024,1024,1.0000,27.988,35.730,1,0.750
1443,1024,1024,1.0000,27.801,35.970,1,0.750
1444,1024,1024,1.0000,28.078,35.615,1,0.750
1445,1024,1024,1.0000,28.116,35.567,1,0.750
1446,1024,1024,1.0000,27.955,35.772,1,0.750
1447,1024,1024,1.0000,27.641,36.178,1,0.750
1448,1024,1024,1.0000,26.921,37.146,1,0.750
1449,1024,1024,1.0000,27.974,35.747,1,0.750
1450,1024,1024,1.0000,27.895,35.849,1,0.750
1451,1024,1024,1.0000,28.030,35.676,1,0.750
1452,1024,1024,1.0000,28.694,34.850,1,0.750
1453,1024,1024,1.0000,27.951,35.777,1,0.750
1454,1024,1024,1.0000,28.107,35.578,1,0.750
1455,1024,1024,1.0000,27.358,36.552,1,0.750
1456,1024,1024,1.0000,27.935,35.797,1,0.750
1457,1024,1024,1.0000,27.859,35.895,1,0.750
1458,1024,1024,1.0000,27.821,35.944,1,0.750
1459,1024,1024,1.0000,27.878,35.871,1,0.750
1460,1024,1024,1.0000,27.787,35.988,1,0.750
1461,1024,1024,1.0000,27.432,36.454,1,0.750
1462,1024,1024,1.0000,27.901,35.841,1,0.750
1463,1024,1024,1.0000,27.919,35.818,1,0.750
1464,1024,1024,1.0000,28.094,35.595,1,0.750
1465,1024,1024,1.0000,28.584,34.985,1,0.750
1466,1024,1024,1.0000,28.176,35.491,1,0.750
1467,1024,1024,1.0000,27.493,36.373,1,0.750
1468,1024,1024,1.0000,28.377,35.240,1,0.750
1469,1024,1024,1.0000,28.077,35.616,1,0.750
1470,1024,1024,1.0000,27.932,35.801,1,0.750
1471,1024,1024,1.0000,27.852,35.904,1,0.750
1472,1024,1024,1.0000,27.620,36.206,1,0.750
1473,1024,1024,1.0000,27.610,36.219,1,0.750
1474,1024,1024,1.0000,27.580,36.258,1,0.750
1475,1024,1024,1.0000,27.996,35.719,1,0.750
1476,1024,1024,1.0000,28.012,35.699,1,0.750
1477,1024,1024,1.0000,28.069,35.626,1,0.750
1478,1024,1024,1.0000,28.051,35.649,1,0.750
1479,1024,1024,1.0000,30.099,33.224,1,0.750
1480,1024,1024,1.0000,28.454,35.144,1,0.750
1481,1024,1024,1.0000,27.824,35.940,1,0.750
1482,1024,1024,1.0000,27.823,35.941,1,0.750
1483,1024,1024,1.0000,28.454,35.144,1,0.750
1484,1024,1024,1.0000,27.979,35.741,1,0.750
1485,1024,1024,1.0000,27.927,35.808,1,0.750
1486,1024,1024,1.0000,28.805,34.716,1,0.750
1487,1024,1024,1.0000,27.686,36.119,1,0.750
1488,1024,1024,1.0000,28.015,35.695,1,0.750
1489,1024,1024,1.0000,27.851,35.905,1,0.750
1490,1024,1024,1.0000,27.765,36.017,1,0.750
1491,1024,1024,1.0000,28.059,35.639,1,0.750
1492,1024,1024,1.0000,28.259,35.387,1,0.750
1493,1024,1024,1.0000,27.437,36.447,1,0.750
1494,1024,1024,1.0000,28.071,35.624,1,0.750
1495,1024,1024,1.0000,27.993,35.723,1,0.750
1496,1024,1024,1.0000,28.028,35.679,1,0.750
1497,1024,1024,1.0000,28.046,35.656,1,0.750
1498,1024,1024,1.0000,28.205,35.455,1,0.750
1499,1024,1024,1.0000,27.241,36.709,1,0.750
1500,1024,1024,1.0000,27.775,36.004,1,0.750
1501,1024,1024,1.0000,27.726,36.067,1,0.750
1502,1024,1024,1.0000,27.720,36.075,1,0.750
1503,1024,1024,1.0000,35.623,28.072,1,0.750
1504,1024,1024,1.0000,28.110,35.575,1,0.750
1505,1024,1024,1.0000,28.791,34.733,1,0.750
1506,1024,1024,1.0000,28.219,35.437,1,0.750
1507,1024,1024,1.0000,28.034,35.671,1,0.750
1508,1024,1024,1.0000,28.301,35.334,1,0.750
1509,1024,1024,1.0000,28.002,35.712,1,0.750
1510,1024,1024,1.0000,28.135,35.543,1,0.750
1511,1024,1024,1.0000,27.817,35.949,1,0.750
1512,1024,1024,1.0000,27.939,35.792,1,0.750
1513,1024,1024,1.0000,27.617,36.210,1,0.750
1514,1024,1024,1.0000,27.398,36.499,1,0.750
1515,1024,1024,1.0000,27.841,35.918,1,0.750
1516,1024,1024,1.0000,27.973,35.749,1,0.750
1517,1024,1024,1.0000,28.114,35.569,1,0.750
1518,1024,1024,1.0000,27.821,35.944,1,0.750
1519,1024,1024,1.0000,28.475,35.119,1,0.750
1520,1024,1024,1.0000,28.380,35.236,1,0.750
1521,1024,1024,1.0000,28.740,34.795,1,0.750
1522,1024,1024,1.0000,27.953,35.774,1,0.750
1523,1024,1024,1.0000,27.841,35.918,1,0.750
1524,1024,1024,1.0000,27.897,35.846,1,0.750
1525,1024,1024,1.0000,27.569,36.273,1,0.750
1526,1024,1024,1.0000,28.571,35.001,1,0.750
1527,1024,1024,1.0000,27.299,36.631,1,0.750
1528,1024,1024,1.0000,27.965,35.759,1,0.750
1529,1024,1024,1.0000,28.123,35.558,1,0.750
1530,1024,1024,1.0000,28.182,35.484,1,0.750
1531,1024,1024,1.0000,27.970,35.753,1,0.750
1532,1024,1024,1.0000,27.678,36.130,1,0.750
1533,1024,1024,1.0000,27.880,35.868,1,0.750
1534,1024,1024,1.0000,28.020,35.689,1,0.750
1535,1024,1024,1.0000,28.046,35.656,1,0.750
1536,1024,1024,1.0000,27.763,36.019,1,0.750
1537,1024,1024,1.0000,27.838,35.922,1,0.750
1538,1024,1024,1.0000,27.658,36.156,1,0.750
1539,1024,1024,1.0000,27.162,36.816,1,0.750
1540,1024,1024,1.0000,28.165,35.505,1,0.750
1541,1024,1024,1.0000,28.378,35.239,1,0.750
1542,1024,1024,1.0000,28.235,35.417,1,0.750
1543,1024,1024,1.0000,27.865,35.887,1,0.750
1544,1024,1024,1.0000,27.577,36.262,1,0.750
1545,1024,1024,1.0000,27.764,36.018,1,0.750
1546,1024,1024,1.0000,29.559,33.831,1,0.750
1547,1024,1024,1.0000,27.896,35.847,1,0.750
1548,1024,1024,1.0000,27.843,35.916,1,0.750
1549,1024,1024,1.0000,27.850,35.907,1,0.750
1550,1024,1024,1.0000,27.961,35.764,1,0.750
1551,1024,1024,1.0000,27.653,36.162,1,0.750
1552,1024,1024,1.0000,28.328,35.301,1,0.750
1553,1024,1024,1.0000,27.960,35.765,1,0.750
1554,1024,1024,1.0000,27.532,36.321,1,0.750
1555,1024,1024,1.0000,28.614,34.948,1,0.750
1556,1024,1024,1.0000,28.534,35.046,1,0.750
1557,1024,1024,1.0000,27.951,35.777,1,0.750
1558,1024,1024,1.0000,27.792,35.982,1,0.750
1559,1024,1024,1.0000,27.514,36.345,1,0.750
1560,1024,1024,1.0000,27.889,35.856,1,0.750
1561,1024,1024,1.0000,27.881,35.867,1,0.750
1562,1024,1024,1.0000,27.991,35.726,1,0.750
1563,1024,1024,1.0000,27.904,35.837,1,0.750
1564,1024,1024,1.0000,28.303,35.332,1,0.750
1565,1024,1024,1.0000,28.290,35.348,1,0.750
1566,1024,1024,1.0000,28.030,35.676,1,0.750
1567,1024,1024,1.0000,27.857,35.898,1,0.750
1568,1024,1024,1.0000,27.967,35.756,1,0.750
1569,1024,1024,1.0000,27.985,35.733,1,0.750
1570,1024,1024,1.0000,28.004,35.709,1,0.750
1571,1024,1024,1.0000,27.158,36.822,1,0.750
1572,1024,1024,1.0000,27.885,35.862,1,0.750
1573,1024,1024,1.0000,27.905,35.836,1,0.750
1574,1024,1024,1.0000,27.966,35.758,1,0.750
1575,1024,1024,1.0000,28.047,35.654,1,0.750
1576,1024,1024,1.0000,27.546,36.303,1,0.750
1577,1024,1024,1.0000,32.913,30.383,1,0.750
1578,1024,1024,1.0000,30.990,32.268,1,0.750
1579,1024,1024,1.0000,28.177,35.490,1,0.750
1580,1024,1024,1.0000,29.658,33.718,1,0.750
1581,1024,1024,1.0000,28.097,35.591,1,0.750
1582,1024,1024,1.0000,27.968,35.755,1,0.750
1583,1024,1024,1.0000,28.537,35.042,1,0.750
1584,1024,1024,1.0000,28.072,35.623,1,0.750
1585,1024,1024,1.0000,28.567,35.005,1,0.750
1586,1024,1024,1.0000,27.929,35.805,1,0.750
1587,1024,1024,1.0000,28.103,35.583,1,0.750
1588,1024,1024,1.0000,27.830,35.932,1,0.750
1589,1024,1024,1.0000,28.392,35.221,1,0.750
1590,1024,1024,1.0000,27.940,35.791,1,0.750
1591,1024,1024,1.0000,28.329,35.300,1,0.750
1592,1024,1024,1.0000,27.896,35.847,1,0.750
1593,1024,1024,1.0000,27.234,36.719,1,0.750
1594,1024,1024,1.0000,28.071,35.624,1,0.750
1595,1024,1024,1.0000,27.953,35.774,1,0.750
1596,1024,1024,1.0000,27.896,35.847,1,0.750
1597,1024,1024,1.0000,28.468,35.127,1,0.750
1598,1024,1024,1.0000,28.311,35.322,1,0.750
1599,1024,1024,1.0000,27.648,36.169,1,0.750
1600,1024,1024,1.0000,27.868,35.883,1,0.750
1601,1024,1024,1.0000,27.825,35.939,1,0.750
1602,1024,1024,1.0000,27.965,35.759,1,0.750
1603,1024,1024,1.0000,28.021,35.688,1,0.750
1604,1024,1024,1.0000,27.774,36.005,1,0.750
1605,1024,1024,1.0000,27.403,36.492,1,0.750
1606,1024,1024,1.0000,27.959,35.767,1,0.750
1607,1024,1024,1.0000,28.350,35.273,1,0.750
1608,1024,1024,1.0000,27.992,35.724,1,0.750
1609,1024,1024,1.0000,28.095,35.594,1,0.750
1610,1024,1024,1.0000,27.777,36.001,1,0.750
1611,1024,1024,1.0000,27.585,36.252,1,0.750
1612,1024,1024,1.0000,27.769,36.011,1,0.750
1613,1024,1024,1.0000,27.794,35.979,1,0.750
1614,1024,1024,1.0000,28.124,35.557,1,0.750
1615,1024,1024,1.0000,28.240,35.411,1,0.750
1616,1024,1024,1.0000,27.885,35.862,1,0.750
1617,1024,1024,1.0000,27.742,36.046,1,0.750
1618,1024,1024,1.0000,28.180,35.486,1,0.750
1619,1024,1024,1.0000,28.021,35.688,1,0.750
1620,1024,1024,1.0000,27.795,35.978,1,0.750
1621,1024,1024,1.0000,27.798,35.974,1,0.750
1622,1024,1024,1.0000,27.841,35.918,1,0.750
1623,1024,1024,1.0000,28.278,35.363,1,0.750
1624,1024,1024,1.0000,27.142,36.843,1,0.750
1625,1024,1024,1.0000,27.977,35.744,1,0.750
1626,1024,1024,1.0000,28.011,35.700,1,0.750
1627,1024,1024,1.0000,27.709,36.089,1,0.750
1628,1024,1024,1.0000,27.966,35.758,1,0.750
1629,1024,1024,1.0000,27.301,36.629,1,0.750
1630,1024,1024,1.0000,27.553,36.294,1,0.750
1631,1024,1024,1.0000,28.541,35.037,1,0.750
1632,1024,1024,1.0000,28.123,35.558,1,0.750
1633,1024,1024,1.0000,27.707,36.092,1,0.750
1634,1024,1024,1.0000,28.521,35.062,1,0.750
1635,1024,1024,1.0000,28.508,35.078,1,0.750
1636,1024,1024,1.0000,27.559,36.286,1,0.750
1637,1024,1024,1.0000,27.757,36.027,1,0.750
1638,1024,1024,1.0000,27.967,35.756,1,0.750
1639,1024,1024,1.0000,28.057,35.642,1,0.750
1640,1024,1024,1.0000,27.960,35.765,1,0.750
1641,1024,1024,1.0000,28.377,35.240,1,0.750
1642,1024,1024,1.0000,27.689,36.115,1,0.750
1643,1024,1024,1.0000,27.308,36.619,1,0.750
1644,1024,1024,1.0000,27.950,35.778,1,0.750
1645,1024,1024,1.0000,27.852,35.904,1,0.750
1646,1024,1024,1.0000,27.972,35.750,1,0.750
1647,1024,1024,1.0000,27.902,35.840,1,0.750
1648,1024,1024,1.0000,27.746,36.041,1,0.750
1649,1024,1024,1.0000,30.278,33.027,1,0.750
1650,1024,1024,1.0000,30.103,33.219,1,0.750
1651,1024,1024,1.0000,31.046,32.210,1,0.750
1652,1024,1024,1.0000,35.392,28.255,1,0.750
1653,1024,1024,1.0000,28.383,35.232,1,0.750
1654,1024,1024,1.0000,28.611,34.952,1,0.750
1655,1024,1024,1.0000,28.015,35.695,1,0.750
1656,1024,1024,1.0000,28.713,34.827,1,0.750
1657,1024,1024,1.0000,28.006,35.707,1,0.750
1658,1024,1024,1.0000,27.798,35.974,1,0.750
1659,1024,1024,1.0000,27.899,35.844,1,0.750
1660,1024,1024,1.0000,27.907,35.833,1,0.750
1661,1024,1024,1.0000,28.405,35.205,1,0.750
1662,1024,1024,1.0000,27.799,35.973,1,0.750
1663,1024,1024,1.0000,28.217,35.440,1,0.750
1664,1024,1024,1.0000,27.621,36.204,1,0.750
1665,1024,1024,1.0000,27.192,36.776,1,0.750
1666,1024,1024,1.0000,27.906,35.835,1,0.750
1667,1024,1024,1.0000,27.841,35.918,1,0.750
1668,1024,1024,1.0000,27.899,35.844,1,0.750
1669,1024,1024,1.0000,28.013,35.698,1,0.750
1670,1024,1024,1.0000,27.648,36.169,1,0.750
1671,1024,1024,1.0000,27.872,35.878,1,0.750
1672,1024,1024,1.0000,27.511,36.349,1,0.750
1673,1024,1024,1.0000,28.138,35.539,1,0.750
1674,1024,1024,1.0000,28.051,35.649,1,0.750
1675,1024,1024,1.0000,27.806,35.963,1,0.750
1676,1024,1024,1.0000,28.590,34.977,1,0.750
1677,1024,1024,1.0000,27.541,36.310,1,0.750
1678,1024,1024,1.0000,27.047,36.973,1,0.750
1679,1024,1024,1.0000,27.777,36.001,1,0.750
1680,1024,1024,1.0000,27.982,35.737,1,0.750
1681,1024,1024,1.0000,28.014,35.696,1,0.750
1682,1024,1024,1.0000,27.887,35.859,1,0.750
1683,1024,1024,1.0000,27.584,36.253,1,0.750
1684,1024,1024,1.0000,28.556,35.019,1,0.750
1685,1024,1024,1.0000,28.008,35.704,1,0.750
1686,1024,1024,1.0000,27.971,35.751,1,0.750
1687,1024,1024,1.0000,27.773,36.006,1,0.750
1688,1024,1024,1.0000,27.771,36.009,1,0.750
1689,1024,1024,1.0000,27.581,36.257,1,0.750
1690,1024,1024,1.0000,27.419,36.471,1,0.750
1691,1024,1024,1.0000,28.096,35.592,1,0.750
1692,1024,1024,1.0000,27.998,35.717,1,0.750
1693,1024,1024,1.0000,27.804,35.966,1,0.750
1694,1024,1024,1.0000,27.789,35.985,1,0.750
1695,1024,1024,1.0000,27.579,36.259,1,0.750
1696,1024,1024,1.0000,27.722,36.072,1,0.750
1697,1024,1024,1.0000,27.811,35.957,1,0.750
1698,1024,1024,1.0000,27.940,35.791,1,0.750
1699,1024,1024,1.0000,27.916,35.822,1,0.750
1700,1024,1024,1.0000,27.943,35.787,1,0.750
1701,1024,1024,1.0000,27.937,35.795,1,0.750
1702,1024,1024,1.0000,27.709,36.089,1,0.750
1703,1024,1024,1.0000,28.292,35.346,1,0.750
1704,1024,1024,1.0000,27.820,35.945,1,0.750
1705,1024,1024,1.0000,27.725,36.069,1,0.750
1706,1024,1024,1.0000,28.048,35.653,1,0.750
1707,1024,1024,1.0000,27.973,35.749,1,0.750
1708,1024,1024,1.0000,27.483,36.386,1,0.750
1709,1024,1024,1.0000,28.501,35.086,1,0.750
1710,1024,1024,1.0000,28.146,35.529,1,0.750
1711,1024,1024,1.0000,27.895,35.849,1,0.750
1712,1024,1024,1.0000,28.602,34.963,1,0.750
1713,1024,1024,1.0000,27.672,36.138,1,0.750
1714,1024,1024,1.0000,27.351,36.562,1,0.750
1715,1024,1024,1.0000,27.781,35.996,1,0.750
1716,1024,1024,1.0000,27.914,35.824,1,0.750
1717,1024,1024,1.0000,28.058,35.640,1,0.750
1718,1024,1024,1.0000,28.163,35.508,1,0.750
1719,1024,1024,1.0000,27.612,36.216,1,0.750
1720,1024,1024,1.0000,27.801,35.970,1,0.750
1721,1024,1024,1.0000,27.651,36.165,1,0.750
1722,1024,1024,1.0000,27.165,36.812,1,0.750
1723,1024,1024,1.0000,27.772,36.007,1,0.750
1724,1024,1024,1.0000,27.684,36.122,1,0.750
1725,1024,1024,1.0000,28.364,35.256,1,0.750
1726,1024,1024,1.0000,33.812,29.575,1,0.750
1727,1024,1024,1.0000,30.457,32.833,1,0.750
1728,1024,1024,1.0000,27.714,36.083,1,0.750
1729,1024,1024,1.0000,27.296,36.635,1,0.750
1730,1024,1024,1.0000,28.804,34.717,1,0.750
1731,1024,1024,1.0000,27.841,35.918,1,0.750
1732,1024,1024,1.0000,27.677,36.131,1,0.750
1733,1024,1024,1.0000,27.855,35.900,1,0.750
1734,1024,1024,1.0000,27.869,35.882,1,0.750
1735,1024,1024,1.0000,27.884,35.863,1,0.750
1736,1024,1024,1.0000,27.431,36.455,1,0.750
1737,1024,1024,1.0000,27.751,36.035,1,0.750
1738,1024,1024,1.0000,27.972,35.750,1,0.750
1739,1024,1024,1.0000,27.980,35.740,1,0.750
1740,1024,1024,1.0000,28.899,34.603,1,0.750
1741,1024,1024,1.0000,27.703,36.097,1,0.750
1742,1024,1024,1.0000,27.659,36.155,1,0.750
1743,1024,1024,1.0000,28.343,35.282,1,0.750
1744,1024,1024,1.0000,27.967,35.756,1,0.750
1745,1024,1024,1.0000,27.902,35.840,1,0.750
1746,1024,1024,1.0000,28.170,35.499,1,0.750
1747,1024,1024,1.0000,27.747,36.040,1,0.750
1748,1024,1024,1.0000,27.080,36.928,1,0.750
1749,1024,1024,1.0000,28.468,35.127,1,0.750
1750,1024,1024,1.0000,28.367,35.252,1,0.750
1751,1024,1024,1.0000,27.861,35.892,1,0.750
1752,1024,1024,1.0000,27.719,36.076,1,0.750
1753,1024,1024,1.0000,27.747,36.040,1,0.750
1754,1024,1024,1.0000,27.670,36.140,1,0.750
1755,1024,1024,1.0000,27.017,37.014,1,0.750
1756,1024,1024,1.0000,27.879,35.869,1,0.750
1757,1024,1024,1.0000,28.110,35.575,1,0.750
1758,1024,1024,1.0000,28.004,35.709,1,0.750
1759,1024,1024,1.0000,27.998,35.717,1,0.750
1760,1024,1024,1.0000,27.748,36.039,1,0.750
1761,1024,1024,1.0000,27.359,36.551,1,0.750
1762,1024,1024,1.0000,28.460,35.137,1,0.750
1763,1024,1024,1.0000,28.193,35.470,1,0.750
1764,1024,1024,1.0000,27.953,35.774,1,0.750
1765,1024,1024,1.0000,28.612,34.950,1,0.750
1766,1024,1024,1.0000,27.847,35.911,1,0.750
1767,1024,1024,1.0000,27.161,36.817,1,0.750
1768,1024,1024,1.0000,28.161,35.510,1,0.750
1769,1024,1024,1.0000,27.908,35.832,1,0.750
1770,1024,1024,1.0000,27.868,35.883,1,0.750
1771,1024,1024,1.0000,27.976,35.745,1,0.750
1772,1024,1024,1.0000,27.693,36.110,1,0.750
1773,1024,1024,1.0000,28.661,34.891,1,0.750
1774,1024,1024,1.0000,27.253,36.693,1,0.750
1775,1024,1024,1.0000,27.831,35.931,1,0.750
1776,1024,1024,1.0000,28.022,35.686,1,0.750
1777,1024,1024,1.0000,28.048,35.653,1,0.750
1778,1024,1024,1.0000,28.035,35.670,1,0.750
1779,1024,1024,1.0000,27.694,36.109,1,0.750
1780,1024,1024,1.0000,27.520,36.337,1,0.750
1781,1024,1024,1.0000,28.460,35.137,1,0.750
1782,1024,1024,1.0000,27.897,35.846,1,0.750
1783,1024,1024,1.0000,28.583,34.986,1,0.750
1784,1024,1024,1.0000,28.930,34.566,1,0.750
1785,1024,1024,1.0000,27.847,35.911,1,0.750
1786,1024,1024,1.0000,27.934,35.799,1,0.750
1787,1024,1024,1.0000,27.468,36.406,1,0.750
1788,1024,1024,1.0000,27.852,35.904,1,0.750
1789,1024,1024,1.0000,27.886,35.860,1,0.750
1790,1024,1024,1.0000,27.892,35.853,1,0.750
1791,1024,1024,1.0000,28.529,35.052,1,0.750
1792,1024,1024,1.0000,27.502,36.361,1,0.750
1793,1024,1024,1.0000,27.293,36.639,1,0.750
1794,1024,1024,1.0000,27.946,35.783,1,0.750
1795,1024,1024,1.0000,28.212,35.446,1,0.750
1796,1024,1024,1.0000,27.783,35.993,1,0.750
1797,1024,1024,1.0000,27.855,35.900,1,0.750
1798,1024,1024,1.0000,32.188,31.067,1,0.750
1799,1024,1024,1.0000,27.922,35.814,1,0.750
1800,1024,1024,1.0000,28.755,34.777,1,0.750
1801,1024,1024,1.0000,33.312,30.019,1,0.750
1802,1024,1024,1.0000,28.409,35.200,1,0.750
1803,1024,1024,1.0000,27.957,35.769,1,0.750
1804,1024,1024,1.0000,28.789,34.735,1,0.750
1805,1024,1024,1.0000,27.796,35.976,1,0.750
1806,1024,1024,1.0000,29.046,34.428,1,0.750
1807,1024,1024,1.0000,27.731,36.061,1,0.750
1808,1024,1024,1.0000,27.321,36.602,1,0.750
1809,1024,1024,1.0000,28.761,34.769,1,0.750
1810,1024,1024,1.0000,27.764,36.018,1,0.750
1811,1024,1024,1.0000,28.465,35.131,1,0.750
1812,1024,1024,1.0000,28.587,34.981,1,0.750
1813,1024,1024,1.0000,27.559,36.286,1,0.750
1814,1024,1024,1.0000,27.467,36.407,1,0.750
1815,1024,1024,1.0000,27.889,35.856,1,0.750
1816,1024,1024,1.0000,27.837,35.923,1,0.750
1817,1024,1024,1.0000,28.904,34.597,1,0.750
1818,1024,1024,1.0000,27.938,35.794,1,0.750
1819,1024,1024,1.0000,29.078,34.390,1,0.750
1820,1024,1024,1.0000,27.549,36.299,1,0.750
1821,1024,1024,1.0000,27.241,36.709,1,0.750
1822,1024,1024,1.0000,27.902,35.840,1,0.750
1823,1024,1024,1.0000,27.951,35.777,1,0.750
1824,1024,1024,1.0000,27.822,35.943,1,0.750
1825,1024,1024,1.0000,27.834,35.927,1,0.750
1826,1024,1024,1.0000,27.610,36.219,1,0.750
1827,1024,1024,1.0000,27.219,36.739,1,0.750
1828,1024,1024,1.0000,28.188,35.476,1,0.750
1829,1024,1024,1.0000,27.878,35.871,1,0.750
1830,1024,1024,1.0000,27.786,35.989,1,0.750
1831,1024,1024,1.0000,28.031,35.675,1,0.750
1832,1024,1024,1.0000,27.733,36.058,1,0.750
1833,1024,1024,1.0000,27.780,35.997,1,0.750
1834,1024,1024,1.0000,28.094,35.595,1,0.750
1835,1024,1024,1.0000,28.017,35.693,1,0.750
1836,1024,1024,1.0000,27.779,35.998,1,0.750
1837,1024,1024,1.0000,28.232,35.421,1,0.750
1838,1024,1024,1.0000,28.291,35.347,1,0.750
1839,1024,1024,1.0000,28.834,34.681,1,0.750
1840,1024,1024,1.0000,27.290,36.643,1,0.750
1841,1024,1024,1.0000,28.016,35.694,1,0.750
1842,1024,1024,1.0000,27.868,35.883,1,0.750
1843,1024,1024,1.0000,27.751,36.035,1,0.750
1844,1024,1024,1.0000,27.967,35.756,1,0.750
1845,1024,1024,1.0000,27.570,36.271,1,0.750
1846,1024,1024,1.0000,27.079,36.929,1,0.750
1847,1024,1024,1.0000,28.386,35.229,1,0.750
1848,1024,1024,1.0000,28.440,35.162,1,0.750
1849,1024,1024,1.0000,27.816,35.951,1,0.750
1850,1024,1024,1.0000,28.105,35.581,1,0.750
1851,1024,1024,1.0000,27.649,36.168,1,0.750
1852,1024,1024,1.0000,27.709,36.089,1,0.750
1853,1024,1024,1.0000,28.505,35.082,1,0.750
1854,1024,1024,1.0000,27.950,35.778,1,0.750
1855,1024,1024,1.0000,27.607,36.223,1,0.750
1856,1024,1024,1.0000,27.756,36.028,1,0.750
1857,1024,1024,1.0000,27.686,36.119,1,0.750
1858,1024,1024,1.0000,27.220,36.738,1,0.750
1859,1024,1024,1.0000,28.429,35.175,1,0.750
1860,1024,1024,1.0000,27.946,35.783,1,0.750
1861,1024,1024,1.0000,28.153,35.520,1,0.750
1862,1024,1024,1.0000,28.820,34.698,1,0.750
1863,1024,1024,1.0000,27.871,35.880,1,0.750
1864,1024,1024,1.0000,27.497,36.368,1,0.750
1865,1024,1024,1.0000,27.257,36.688,1,0.750
1866,1024,1024,1.0000,28.546,35.031,1,0.750
1867,1024,1024,1.0000,27.821,35.944,1,0.750
1868,1024,1024,1.0000,27.900,35.842,1,0.750
1869,1024,1024,1.0000,27.811,35.957,1,0.750
1870,1024,1024,1.0000,27.621,36.204,1,0.750
1871,1024,1024,1.0000,27.857,35.898,1,0.750
1872,1024,1024,1.0000,34.143,29.289,1,0.750
1873,1024,1024,1.0000,28.422,35.184,1,0.750
1874,1024,1024,1.0000,28.679,34.869,1,0.750
1875,1024,1024,1.0000,28.629,34.930,1,0.750
1876,1024,1024,1.0000,28.191,35.472,1,0.750
1877,1024,1024,1.0000,28.006,35.707,1,0.750
1878,1024,1024,1.0000,27.607,36.223,1,0.750
1879,1024,1024,1.0000,27.922,35.814,1,0.750
1880,1024,1024,1.0000,28.132,35.547,1,0.750
1881,1024,1024,1.0000,27.992,35.724,1,0.750
1882,1024,1024,1.0000,27.972,35.750,1,0.750
1883,1024,1024,1.0000,28.779,34.748,1,0.750
1884,1024,1024,1.0000,28.413,35.195,1,0.750
1885,1024,1024,1.0000,27.836,35.925,1,0.750
1886,1024,1024,1.0000,27.501,36.362,1,0.750
1887,1024,1024,1.0000,27.832,35.930,1,0.750
1888,1024,1024,1.0000,27.829,35.934,1,0.750
1889,1024,1024,1.0000,27.736,36.054,1,0.750
1890,1024,1024,1.0000,28.473,35.121,1,0.750
1891,1024,1024,1.0000,27.614,36.214,1,0.750
1892,1024,1024,1.0000,27.193,36.774,1,0.750
1893,1024,1024,1.0000,27.753,36.032,1,0.750
1894,1024,1024,1.0000,28.229,35.425,1,0.750
1895,1024,1024,1.0000,28.723,34.815,1,0.750
1896,1024,1024,1.0000,27.815,35.952,1,0.750
1897,1024,1024,1.0000,27.539,36.312,1,0.750
1898,1024,1024,1.0000,27.957,35.769,1,0.750
1899,1024,1024,1.0000,28.094,35.595,1,0.750
1900,1024,1024,1.0000,27.770,36.010,1,0.750
1901,1024,1024,1.0000,27.685,36.121,1,0.750
1902,1024,1024,1.0000,27.765,36.017,1,0.750
1903,1024,1024,1.0000,27.603,36.228,1,0.750
1904,1024,1024,1.0000,27.482,36.387,1,0.750
1905,1024,1024,1.0000,28.138,35.539,1,0.750
1906,1024,1024,1.0000,28.075,35.619,1,0.750
1907,1024,1024,1.0000,27.977,35.744,1,0.750
1908,1024,1024,1.0000,27.812,35.956,1,0.750
1909,1024,1024,1.0000,27.635,36.186,1,0.750
1910,1024,1024,1.0000,27.222,36.735,1,0.750
1911,1024,1024,1.0000,28.349,35.275,1,0.750
1912,1024,1024,1.0000,27.943,35.787,1,0.750
1913,1024,1024,1.0000,28.141,35.535,1,0.750
1914,1024,1024,1.0000,27.884,35.863,1,0.750
1915,1024,1024,1.0000,27.905,35.836,1,0.750
1916,1024,1024,1.0000,28.433,35.170,1,0.750
1917,1024,1024,1.0000,27.622,36.203,1,0.750
1918,1024,1024,1.0000,27.977,35.744,1,0.750
1919,1024,1024,1.0000,28.371,35.247,1,0.750
1920,1024,1024,1.0000,28.022,35.686,1,0.750
1921,1024,1024,1.0000,28.037,35.667,1,0.750
1922,1024,1024,1.0000,27.673,36.136,1,0.750
1923,1024,1024,1.0000,27.281,36.656,1,0.750
1924,1024,1024,1.0000,28.007,35.705,1,0.750
1925,1024,1024,1.0000,27.880,35.868,1,0.750
1926,1024,1024,1.0000,27.794,35.979,1,0.750
1927,1024,1024,1.0000,27.968,35.755,1,0.750
1928,1024,1024,1.0000,28.709,34.832,1,0.750
1929,1024,1024,1.0000,27.264,36.678,1,0.750
1930,1024,1024,1.0000,27.625,36.199,1,0.750
1931,1024,1024,1.0000,29.378,34.039,1,0.750
1932,1024,1024,1.0000,27.994,35.722,1,0.750
1933,1024,1024,1.0000,30.885,32.378,1,0.750
1934,1024,1024,1.0000,27.776,36.002,1,0.750
1935,1024,1024,1.0000,27.757,36.027,1,0.750
1936,1024,1024,1.0000,26.739,37.399,1,0.750
1937,1024,1024,1.0000,27.918,35.819,1,0.750
1938,1024,1024,1.0000,28.552,35.024,1,0.750
1939,1024,1024,1.0000,28.503,35.084,1,0.750
1940,1024,1024,1.0000,27.727,36.066,1,0.750
1941,1024,1024,1.0000,27.779,35.998,1,0.750
1942,1024,1024,1.0000,27.729,36.063,1,0.750
1943,1024,1024,1.0000,27.387,36.514,1,0.750
1944,1024,1024,1.0000,27.847,35.911,1,0.750
1945,1024,1024,1.0000,27.877,35.872,1,0.750
1946,1024,1024,1.0000,28.550,35.026,1,0.750
1947,1024,1024,1.0000,28.352,35.271,1,0.750
1948,1024,1024,1.0000,27.481,36.389,1,0.750
1949,1024,1024,1.0000,28.837,34.678,1,0.750
1950,1024,1024,1.0000,29.183,34.267,1,0.750
1951,1024,1024,1.0000,28.061,35.637,1,0.750
1952,1024,1024,1.0000,27.961,35.764,1,0.750
1953,1024,1024,1.0000,27.959,35.767,1,0.750
1954,1024,1024,1.0000,27.894,35.850,1,0.750
1955,1024,1024,1.0000,27.480,36.390,1,0.750
1956,1024,1024,1.0000,28.101,35.586,1,0.750
1957,1024,1024,1.0000,27.914,35.824,1,0.750
1958,1024,1024,1.0000,27.850,35.907,1,0.750
1959,1024,1024,1.0000,27.815,35.952,1,0.750
1960,1024,1024,1.0000,27.932,35.801,1,0.750
1961,1024,1024,1.0000,27.761,36.022,1,0.750
1962,1024,1024,1.0000,27.569,36.273,1,0.750
1963,1024,1024,1.0000,28.783,34.743,1,0.750
1964,1024,1024,1.0000,28.033,35.672,1,0.750
1965,1024,1024,1.0000,28.060,35.638,1,0.750
1966,1024,1024,1.0000,28.024,35.684,1,0.750
1967,1024,1024,1.0000,27.847,35.911,1,0.750
1968,1024,1024,1.0000,27.898,35.845,1,0.750
1969,1024,1024,1.0000,28.062,35.635,1,0.750
1970,1024,1024,1.0000,28.120,35.562,1,0.750
1971,1024,1024,1.0000,28.186,35.479,1,0.750
1972,1024,1024,1.0000,29.041,34.434,1,0.750
1973,1024,1024,1.0000,28.454,35.144,1,0.750
1974,1024,1024,1.0000,27.438,36.446,1,0.750
1975,1024,1024,1.0000,27.840,35.920,1,0.750
1976,1024,1024,1.0000,27.957,35.769,1,0.750
1977,1024,1024,1.0000,28.071,35.624,1,0.750
1978,1024,1024,1.0000,27.815,35.952,1,0.750
1979,1024,1024,1.0000,28.074,35.620,1,0.750
1980,1024,1024,1.0000,27.785,35.991,1,0.750
1981,1024,1024,1.0000,27.861,35.892,1,0.750
1982,1024,1024,1.0000,27.790,35.984,1,0.750
1983,1024,1024,1.0000,27.907,35.833,1,0.750
1984,1024,1024,1.0000,28.130,35.549,1,0.750
1985,1024,1024,1.0000,28.366,35.253,1,0.750
1986,1024,1024,1.0000,27.964,35.760,1,0.750
1987,1024,1024,1.0000,27.603,36.228,1,0.750
1988,1024,1024,1.0000,27.670,36.140,1,0.750
1989,1024,1024,1.0000,28.080,35.613,1,0.750
1990,1024,1024,1.0000,27.804,35.966,1,0.750
1991,1024,1024,1.0000,27.561,36.283,1,0.750
1992,1024,1024,1.0000,28.255,35.392,1,0.750
1993,1024,1024,1.0000,27.774,36.005,1,0.750
1994,1024,1024,1.0000,28.143,35.533,1,0.750
1995,1024,1024,1.0000,27.949,35.779,1,0.750
1996,1024,1024,1.0000,28.030,35.676,1,0.750
1997,1024,1024,1.0000,28.013,35.698,1,0.750
1998,1024,1024,1.0000,27.877,35.872,1,0.750
1999,1024,1024,1.0000,27.697,36.105,1,0.750
2000,1024,1024,1.0000,28.333,35.295,1,0.750
2001,1024,1024,1.0000,27.324,36.598,1,0.750
2002,1024,1024,1.0000,27.904,35.837,1,0.750
2003,1024,1024,1.0000,27.931,35.803,1,0.750
2004,1024,1024,1.0000,28.043,35.660,1,0.750
2005,1024,1024,1.0000,30.775,32.494,1,0.750
2006,1024,1024,1.0000,27.514,36.345,1,0.750
2007,1024,1024,1.0000,27.655,36.160,1,0.750
2008,1024,1024,1.0000,28.047,35.654,1,0.750
2009,1024,1024,1.0000,27.836,35.925,1,0.750
2010,1024,1024,1.0000,27.882,35.865,1,0.750
2011,1024,1024,1.0000,27.856,35.899,1,0.750
2012,1024,1024,1.0000,27.683,36.123,1,0.750
2013,1024,1024,1.0000,27.839,35.921,1,0.750
2014,1024,1024,1.0000,27.917,35.820,1,0.750
2015,1024,1024,1.0000,27.809,35.960,1,0.750
2016,1024,1024,1.0000,28.028,35.679,1,0.750
2017,1024,1024,1.0000,27.998,35.717,1,0.750
2018,1024,1024,1.0000,27.927,35.808,1,0.750
2019,1024,1024,1.0000,27.798,35.974,1,0.750
2020,1024,1024,1.0000,26.904,37.169,1,0.750
2021,1024,1024,1.0000,27.839,35.921,1,0.750
2022,1024,1024,1.0000,28.548,35.029,1,0.750
2023,1024,1024,1.0000,28.292,35.346,1,0.750
2024,1024,1024,1.0000,28.214,35.443,1,0.750
2025,1024,1024,1.0000,30.108,33.214,1,0.750
2026,1024,1024,1.0000,27.958,35.768,1,0.750
2027,1024,1024,1.0000,28.060,35.638,1,0.750
2028,1024,1024,1.0000,27.774,36.005,1,0.750
2029,1024,1024,1.0000,28.036,35.668,1,0.750
2030,1024,1024,1.0000,28.074,35.620,1,0.750
2031,1024,1024,1.0000,28.645,34.910,1,0.750
2032,1024,1024,1.0000,27.579,36.259,1,0.750
2033,1024,1024,1.0000,27.581,36.257,1,0.750
2034,1024,1024,1.0000,28.172,35.496,1,0.750
2035,1024,1024,1.0000,27.828,35.935,1,0.750
2036,1024,1024,1.0000,27.906,35.835,1,0.750
2037,1024,1024,1.0000,28.040,35.663,1,0.750
2038,1024,1024,1.0000,28.666,34.885,1,0.750
2039,1024,1024,1.0000,27.169,36.807,1,0.750
2040,1024,1024,1.0000,28.346,35.278,1,0.750
2041,1024,1024,1.0000,28.077,35.616,1,0.750
2042,1024,1024,1.0000,28.906,34.595,1,0.750
2043,1024,1024,1.0000,28.041,35.662,1,0.750
2044,1024,1024,1.0000,28.405,35.205,1,0.750
2045,1024,1024,1.0000,28.307,35.327,1,0.750
2046,1024,1024,1.0000,28.163,35.508,1,0.750
2047,1024,1024,1.0000,28.017,35.693,1,0.750
2048,1024,1024,1.0000,28.117,35.566,1,0.750
